DROP TABLE IF EXISTS C_AND_P;
DROP TABLE IF EXISTS PC_AND_CH;
DROP TABLE IF EXISTS PURPOSE;
DROP TABLE IF EXISTS TELEPHONE;
DROP TABLE IF EXISTS PROPERTY;
DROP TABLE IF EXISTS OTHER_INSTALLMENT_PLANS;
DROP TABLE IF EXISTS HOUSING;
DROP TABLE IF EXISTS CREDIT_HISTORY;
DROP TABLE IF EXISTS CREDIT_INFO;
DROP TABLE IF EXISTS PREDICT;
DROP TABLE IF EXISTS PERSON_INFO;
DROP TABLE IF EXISTS PERSON_CREDIT_INFORMATION_STATUS;
DROP TABLE IF EXISTS PERSON_QUALITIES;


CREATE TABLE PURPOSE(
                        PURPOSE_ID INTEGER NOT NULL,
                        PURPOSE VARCHAR NOT NULL,
                        PRIMARY KEY (PURPOSE_ID)
);

CREATE TABLE PERSON_CREDIT_INFORMATION_STATUS(
                                                 PERSON_CREDIT_INFORMATION_STATUS_ID INTEGER NOT NULL PRIMARY KEY,
                                                 SAVING_ACCOUNT VARCHAR NOT NULL,
                                                 STATUS_OF_EXISTING_CHECKING_ACCOUNT VARCHAR NOT NULL,
                                                 INSTALLMENT_RATE_IN_PERCENTAGE_OF_DISPOSABLE_INCOME FLOAT NOT NULL,
                                                 NUMBER_OF_CREDIT INTEGER NOT NULL
);

CREATE TABLE CREDIT_HISTORY(
                               CREDIT_HISTORY_ID INTEGER NOT NULL PRIMARY KEY,
                               CREDIT_HISTORY VARCHAR NOT NULL
);

CREATE TABLE PERSON_QUALITIES(
                                 PERSON_QUALITIES_ID INTEGER NOT NULL PRIMARY KEY,
                                 OUTFIT VARCHAR NOT NULL,
                                 ALIGNMENT VARCHAR NOT NULL,
                                 POLITENESS VARCHAR NOT NULL,
                                 HONESTLY BOOLEAN,
                                 STATE VARCHAR NOT NULL
);


CREATE TABLE PERSON_INFO(
                            PERSON_INFO_ID INTEGER NOT NULL PRIMARY KEY,
                            SEX VARCHAR NOT NULL,
                            PERSONAL_STATUS VARCHAR NOT NULL,
                            MAIN_JOB VARCHAR NOT NULL,
                            FOREIGN_WORKER VARCHAR NOT NULL,
                            PRESENT_EMPLOYMENT VARCHAR NOT NULL,
                            AGE INTEGER NOT NULL,
                            PERSON_CREDIT_INFORMATION_STATUS_ID INTEGER REFERENCES PERSON_CREDIT_INFORMATION_STATUS(PERSON_CREDIT_INFORMATION_STATUS_ID),
                            PERSON_QUALITIES_ID INTEGER REFERENCES PERSON_QUALITIES(PERSON_QUALITIES_ID)
);

CREATE TABLE PREDICT(
                        PREDICT_ID INTEGER NOT NULL PRIMARY KEY,
                        PREDICTION INTEGER NOT NULL,
                        PERSON_INFO_ID INTEGER REFERENCES PERSON_INFO(PERSON_INFO_ID)

);

CREATE TABLE PROPERTY(
                         PROPERTY_ID INTEGER NOT NULL PRIMARY KEY,
                         PROPERTY VARCHAR NOT NULL,
                         PERSON_INFO_ID INTEGER REFERENCES PERSON_INFO(PERSON_INFO_ID)
);

CREATE TABLE OTHER_INSTALLMENT_PLANS(
                                        OTHER_INSTALLMENT_PLANS_ID INTEGER NOT NULL PRIMARY KEY,
                                        OTHER_INSTALLMENT_PLAN VARCHAR NOT NULL,
                                        PERSON_INFO_ID INTEGER REFERENCES PERSON_INFO(PERSON_INFO_ID)

);

CREATE TABLE HOUSING(
                        HOUSING_ID INTEGER NOT NULL PRIMARY KEY,
                        HOUSING VARCHAR NOT NULL,
                        PRESENT_RESIDENCE INTEGER NOT NULL,
                        PERSON_INFO_ID INTEGER REFERENCES PERSON_INFO(PERSON_INFO_ID)
);

CREATE TABLE TELEPHONE(
                          TELEPHONE_ID INTEGER NOT NULL PRIMARY KEY,
                          TELEPHONE VARCHAR NOT NULL,
                          PERSON_INFO_ID INTEGER REFERENCES PERSON_INFO(PERSON_INFO_ID)
);

CREATE TABLE CREDIT_INFO(
                            CREDIT_INFO_ID INTEGER NOT NULL PRIMARY KEY,
                            DURATION INTEGER NOT NULL,
                            CREDIT_AMOUNT INTEGER NOT NULL,
                            OTHER_DEBTORS VARCHAR NOT NULL,
                            NUMBER_OF_PEOPLE_BEING_LIABLE_TO_PROVIDE_MAINTENANCE_FOR INTEGER NOT NULL,
                            PERSON_INFO_ID INTEGER REFERENCES PERSON_INFO(PERSON_INFO_ID)
);

CREATE TABLE C_AND_P(
                        CREDIT_INFO_ID INTEGER REFERENCES CREDIT_INFO(CREDIT_INFO_ID),
                        PURPOSE_ID INTEGER REFERENCES PURPOSE(PURPOSE_ID),
                        PRIMARY KEY(CREDIT_INFO_ID,PURPOSE_ID)
);

CREATE TABLE PC_AND_CH(
                          PERSON_CREDIT_INFORMATION_STATUS_ID INTEGER REFERENCES PERSON_CREDIT_INFORMATION_STATUS(PERSON_CREDIT_INFORMATION_STATUS_ID),
                          CREDIT_HISTORY_ID INTEGER REFERENCES CREDIT_HISTORY(CREDIT_HISTORY_ID),
                          PRIMARY KEY(PERSON_CREDIT_INFORMATION_STATUS_ID,CREDIT_HISTORY_ID)
);

/*
GRANT CONNECT ON DATABASE postgres TO qgis;
*/

---COPY PURPOSE FROM 'C:\Program Files\PostgreSQL\11\data\tmp\purpose.csv' WITH DELIMITER AS ',' CSV HEADER;

INSERT INTO PERSON_QUALITIES VALUES(0,'NONE', 'NONE', 'NONE', null, 'NONE');

/*
COPY PURPOSE FROM 'C:\Program Files\PostgreSQL\11\data\tmp\PURPOSE.csv' WITH DELIMITER AS ',' CSV HEADER;
COPY PERSON_CREDIT_INFORMATION_STATUS FROM 'C:\Program Files\PostgreSQL\11\data\tmp\PERSON_CREDIT_INFORMATION_STATUS.csv' WITH DELIMITER AS ',' CSV HEADER;
COPY CREDIT_HISTORY FROM 'C:\Program Files\PostgreSQL\11\data\tmp\CREDIT_HISTORY.csv' WITH DELIMITER AS ',' CSV HEADER;
COPY PERSON_INFO FROM 'C:\Program Files\PostgreSQL\11\data\tmp\PERSON_INFO.csv' WITH DELIMITER AS ',' CSV HEADER;
COPY PREDICT FROM 'C:\Program Files\PostgreSQL\11\data\tmp\PREDICT.csv' WITH DELIMITER AS ',' CSV HEADER;
COPY PROPERTY FROM 'C:\Program Files\PostgreSQL\11\data\tmp\PROPERTY.csv' WITH DELIMITER AS ',' CSV HEADER;
COPY OTHER_INSTALLMENT_PLANS FROM 'C:\Program Files\PostgreSQL\11\data\tmp\OTHER_INSTALLMENT_PLANS.csv' WITH DELIMITER AS ',' CSV HEADER;
COPY HOUSING FROM 'C:\Program Files\PostgreSQL\11\data\tmp\HOUSING.csv' WITH DELIMITER AS ',' CSV HEADER;
COPY TELEPHONE FROM 'C:\Program Files\PostgreSQL\11\data\tmp\TELEPHONE.csv' WITH DELIMITER AS ',' CSV HEADER;
COPY CREDIT_INFO FROM 'C:\Program Files\PostgreSQL\11\data\tmp\CREDIT_INFO.csv' WITH DELIMITER AS ',' CSV HEADER;
COPY C_AND_P FROM 'C:\Program Files\PostgreSQL\11\data\tmp\C_AND_P.csv' WITH DELIMITER AS ',' CSV HEADER;
COPY PC_AND_CH FROM 'C:\Program Files\PostgreSQL\11\data\tmp\PC_AND_CH.csv' WITH DELIMITER AS ',' CSV HEADER;
*/

--INSERT INTO PURPOSE VALUES(1, 'Покупка машины');
--INSERT INTO PURPOSE VALUES(2, 'Покупка дачи');



/*
INSERT INTO PERSON_QUALITIES VALUES(1,'neatly dressed', 'atheist', 'polite', true, 'sober');
INSERT INTO PERSON_QUALITIES VALUES(2,'dented clothes', 'christian', 'rude', true, 'sober');


INSERT INTO CREDIT_HISTORY VALUES(1, 'no credits taken');
INSERT INTO CREDIT_HISTORY VALUES(2, 'all credits paid back duly');
INSERT INTO CREDIT_HISTORY VALUES(3, 'existing credits paid back duly till now');

INSERT INTO PERSON_CREDIT_INFORMATION_STATUS VALUES(1, '< 100 DM', '0 <= ... < 200 DM ', 0.24, 2);
INSERT INTO PERSON_CREDIT_INFORMATION_STATUS VALUES(2, '100 <= ... < 500 DM ', '< 0 DM', 0.42, 3);

INSERT INTO PERSON_INFO VALUES(1, 'M', 'Divorced', 'Engineer', 'Yes', '<1 year',  34, 1, 1);
INSERT INTO PERSON_INFO VALUES(2, 'F', 'Separated', 'Teacher', 'No', '1<= .. <4 years', 21, 2, 2);

INSERT INTO PREDICT VALUES(1,0,1);
INSERT INTO PREDICT VALUES(2,1,2);

INSERT INTO TELEPHONE VALUES(1, 'None', 1);
INSERT INTO TELEPHONE VALUES(2, 'Yes, registered under the customers name', 2);

INSERT INTO PROPERTY VALUES(1, 'Real estate', 1);
INSERT INTO PROPERTY VALUES(2, 'No property', 2);

INSERT INTO HOUSING VALUES(1, 'Rent', 2012, 1);
INSERT INTO HOUSING VALUES(2, 'Own', 2014 , 2);

INSERT INTO OTHER_INSTALLMENT_PLANS VALUES(1, 'bank', 1);
INSERT INTO OTHER_INSTALLMENT_PLANS VALUES(2, 'stores', 1);
INSERT INTO OTHER_INSTALLMENT_PLANS VALUES(3, 'none', 2);

INSERT INTO PC_AND_CH VALUES (1,2);
INSERT INTO PC_AND_CH VALUES (2,3);
INSERT INTO PC_AND_CH VALUES (2,1);

INSERT INTO CREDIT_INFO VALUES (1,10,1000,'none',1,1);
INSERT INTO CREDIT_INFO VALUES (2,7,4000,'none',2,2);
INSERT INTO CREDIT_INFO VALUES (3,3,20000,'none',4,2);

INSERT INTO C_AND_P VALUES (1,1);
INSERT INTO C_AND_P VALUES (2,1);
INSERT INTO C_AND_P VALUES (2,2);
*/
/*
GRANT CONNECT ON DATABASE postgres TO PUBLIC ;
GRANT ALL ON TABLE PURPOSE TO readonly;
GRANT ALL PRIVILEGES ON ALL SEQUENCES IN SCHEMA public TO postgres;
*/
--COPY PURPOSE FROM 'C:\Program Files\PostgreSQL\11\data\tmp\purpose.csv' WITH DELIMITER AS ',' CSV HEADER;


INSERT INTO PURPOSE VALUES
(1,'A43'),
(2,'A43'),
(3,'A46'),
(4,'A42'),
(5,'A40'),
(6,'A46'),
(7,'A42'),
(8,'A41'),
(9,'A43'),
(10,'A40'),
(11,'A40'),
(12,'A49'),
(13,'A43'),
(14,'A40'),
(15,'A40'),
(16,'A43'),
(17,'A43'),
(18,'A49'),
(19,'A41'),
(20,'A43'),
(21,'A40'),
(22,'A43'),
(23,'A40'),
(24,'A41'),
(25,'A42'),
(26,'A42'),
(27,'A43'),
(28,'A43'),
(29,'A43'),
(30,'A49'),
(31,'A49'),
(32,'A42'),
(33,'A40'),
(34,'A49'),
(35,'A42'),
(36,'A43'),
(37,'A46'),
(38,'A43'),
(39,'A44'),
(40,'A43'),
(41,'A43'),
(42,'A43'),
(43,'A45'),
(44,'A41'),
(45,'A41'),
(46,'A40'),
(47,'A43'),
(48,'A41'),
(49,'A40'),
(50,'A43'),
(51,'A42'),
(52,'A41'),
(53,'A43'),
(54,'A41'),
(55,'A40'),
(56,'A40'),
(57,'A43'),
(58,'A43'),
(59,'A40'),
(60,'A42'),
(61,'A49'),
(62,'A43'),
(63,'A49'),
(64,'A49'),
(65,'A43'),
(66,'A45'),
(67,'A43'),
(68,'A40'),
(69,'A46'),
(70,'A43'),
(71,'A41'),
(72,'A43'),
(73,'A410'),
(74,'A49'),
(75,'A46'),
(76,'A41'),
(77,'A43'),
(78,'A43'),
(79,'A41'),
(80,'A42'),
(81,'A43'),
(82,'A43'),
(83,'A49'),
(84,'A410'),
(85,'A43'),
(86,'A49'),
(87,'A42'),
(88,'A46'),
(89,'A40'),
(90,'A45'),
(91,'A43'),
(92,'A41'),
(93,'A43'),
(94,'A42'),
(95,'A40'),
(96,'A49'),
(97,'A46'),
(98,'A49'),
(99,'A43'),
(100,'A41'),
(101,'A40'),
(102,'A43'),
(103,'A43'),
(104,'A42'),
(105,'A41'),
(106,'A410'),
(107,'A40'),
(108,'A40'),
(109,'A42'),
(110,'A49'),
(111,'A49'),
(112,'A46'),
(113,'A40'),
(114,'A40'),
(115,'A43'),
(116,'A43'),
(117,'A43'),
(118,'A42'),
(119,'A42'),
(120,'A40'),
(121,'A43'),
(122,'A41'),
(123,'A42'),
(124,'A40'),
(125,'A42'),
(126,'A40'),
(127,'A43'),
(128,'A45'),
(129,'A41'),
(130,'A40'),
(131,'A40'),
(132,'A46'),
(133,'A42'),
(134,'A42'),
(135,'A43'),
(136,'A43'),
(137,'A41'),
(138,'A43'),
(139,'A43'),
(140,'A43'),
(141,'A40'),
(142,'A43'),
(143,'A43'),
(144,'A42'),
(145,'A42'),
(146,'A49'),
(147,'A40'),
(148,'A40'),
(149,'A42'),
(150,'A43'),
(151,'A43'),
(152,'A43'),
(153,'A43'),
(154,'A41'),
(155,'A49'),
(156,'A42'),
(157,'A45'),
(158,'A48'),
(159,'A40'),
(160,'A43'),
(161,'A43'),
(162,'A40'),
(163,'A44'),
(164,'A40'),
(165,'A40'),
(166,'A42'),
(167,'A42'),
(168,'A42'),
(169,'A42'),
(170,'A49'),
(171,'A40'),
(172,'A42'),
(173,'A42'),
(174,'A43'),
(175,'A46'),
(176,'A41'),
(177,'A42'),
(178,'A43'),
(179,'A43'),
(180,'A40'),
(181,'A49'),
(182,'A49'),
(183,'A40'),
(184,'A42'),
(185,'A40'),
(186,'A43'),
(187,'A41'),
(188,'A40'),
(189,'A43'),
(190,'A42'),
(191,'A49'),
(192,'A49'),
(193,'A49'),
(194,'A43'),
(195,'A43'),
(196,'A46'),
(197,'A43'),
(198,'A42'),
(199,'A41'),
(200,'A42'),
(201,'A46'),
(202,'A40'),
(203,'A49'),
(204,'A48'),
(205,'A40'),
(206,'A41'),
(207,'A42'),
(208,'A44'),
(209,'A49'),
(210,'A41'),
(211,'A43'),
(212,'A43'),
(213,'A49'),
(214,'A49'),
(215,'A43'),
(216,'A48'),
(217,'A49'),
(218,'A43'),
(219,'A42'),
(220,'A40'),
(221,'A43'),
(222,'A46'),
(223,'A43'),
(224,'A49'),
(225,'A41'),
(226,'A45'),
(227,'A43'),
(228,'A42'),
(229,'A43'),
(230,'A42'),
(231,'A43'),
(232,'A40'),
(233,'A43'),
(234,'A43'),
(235,'A43'),
(236,'A43'),
(237,'A40'),
(238,'A49'),
(239,'A43'),
(240,'A43'),
(241,'A40'),
(242,'A43'),
(243,'A41'),
(244,'A49'),
(245,'A48'),
(246,'A49'),
(247,'A43'),
(248,'A40'),
(249,'A42'),
(250,'A43'),
(251,'A40'),
(252,'A42'),
(253,'A40'),
(254,'A42'),
(255,'A42'),
(256,'A43'),
(257,'A43'),
(258,'A43'),
(259,'A41'),
(260,'A43'),
(261,'A42'),
(262,'A43'),
(263,'A40'),
(264,'A46'),
(265,'A40'),
(266,'A43'),
(267,'A49'),
(268,'A43'),
(269,'A40'),
(270,'A43'),
(271,'A40'),
(272,'A42'),
(273,'A40'),
(274,'A43'),
(275,'A45'),
(276,'A43'),
(277,'A43'),
(278,'A42'),
(279,'A42'),
(280,'A43'),
(281,'A41'),
(282,'A42'),
(283,'A43'),
(284,'A42'),
(285,'A40'),
(286,'A40'),
(287,'A41'),
(288,'A410'),
(289,'A43'),
(290,'A43'),
(291,'A49'),
(292,'A41'),
(293,'A41'),
(294,'A41'),
(295,'A49'),
(296,'A42'),
(297,'A41'),
(298,'A40'),
(299,'A42'),
(300,'A42'),
(301,'A40'),
(302,'A43'),
(303,'A40'),
(304,'A40'),
(305,'A40'),
(306,'A42'),
(307,'A41'),
(308,'A43'),
(309,'A42'),
(310,'A40'),
(311,'A410'),
(312,'A42'),
(313,'A42'),
(314,'A40'),
(315,'A40'),
(316,'A42'),
(317,'A42'),
(318,'A42'),
(319,'A46'),
(320,'A42'),
(321,'A40'),
(322,'A43'),
(323,'A41'),
(324,'A42'),
(325,'A40'),
(326,'A40'),
(327,'A42'),
(328,'A40'),
(329,'A43'),
(330,'A43'),
(331,'A41'),
(332,'A46'),
(333,'A40'),
(334,'A41'),
(335,'A42'),
(336,'A42'),
(337,'A43'),
(338,'A44'),
(339,'A42'),
(340,'A42'),
(341,'A46'),
(342,'A42'),
(343,'A43'),
(344,'A49'),
(345,'A40'),
(346,'A43'),
(347,'A43'),
(348,'A43'),
(349,'A49'),
(350,'A46'),
(351,'A44'),
(352,'A42'),
(353,'A41'),
(354,'A43'),
(355,'A46'),
(356,'A40'),
(357,'A43'),
(358,'A43'),
(359,'A43'),
(360,'A42'),
(361,'A46'),
(362,'A43'),
(363,'A40'),
(364,'A42'),
(365,'A42'),
(366,'A49'),
(367,'A41'),
(368,'A42'),
(369,'A42'),
(370,'A42'),
(371,'A40'),
(372,'A43'),
(373,'A42'),
(374,'A40'),
(375,'A410'),
(376,'A49'),
(377,'A43'),
(378,'A43'),
(379,'A40'),
(380,'A40'),
(381,'A42'),
(382,'A41'),
(383,'A40'),
(384,'A40'),
(385,'A49'),
(386,'A43'),
(387,'A43'),
(388,'A42'),
(389,'A49'),
(390,'A49'),
(391,'A40'),
(392,'A42'),
(393,'A40'),
(394,'A43'),
(395,'A42'),
(396,'A46'),
(397,'A42'),
(398,'A42'),
(399,'A40'),
(400,'A43'),
(401,'A43'),
(402,'A49'),
(403,'A49'),
(404,'A40'),
(405,'A40'),
(406,'A43'),
(407,'A41'),
(408,'A43'),
(409,'A43'),
(410,'A40'),
(411,'A43'),
(412,'A41'),
(413,'A49'),
(414,'A40'),
(415,'A40'),
(416,'A41'),
(417,'A40'),
(418,'A46'),
(419,'A40'),
(420,'A40'),
(421,'A40'),
(422,'A41'),
(423,'A40'),
(424,'A42'),
(425,'A42'),
(426,'A41'),
(427,'A43'),
(428,'A43'),
(429,'A42'),
(430,'A45'),
(431,'A49'),
(432,'A410'),
(433,'A42'),
(434,'A45'),
(435,'A42'),
(436,'A43'),
(437,'A45'),
(438,'A40'),
(439,'A45'),
(440,'A49'),
(441,'A40'),
(442,'A42'),
(443,'A410'),
(444,'A46'),
(445,'A42'),
(446,'A46'),
(447,'A40'),
(448,'A43'),
(449,'A42'),
(450,'A45'),
(451,'A41'),
(452,'A43'),
(453,'A42'),
(454,'A41'),
(455,'A40'),
(456,'A41'),
(457,'A40'),
(458,'A41'),
(459,'A44'),
(460,'A43'),
(461,'A42'),
(462,'A40'),
(463,'A42'),
(464,'A48'),
(465,'A49'),
(466,'A41'),
(467,'A43'),
(468,'A43'),
(469,'A49'),
(470,'A41'),
(471,'A43'),
(472,'A46'),
(473,'A40'),
(474,'A48'),
(475,'A43'),
(476,'A42'),
(477,'A41'),
(478,'A43'),
(479,'A49'),
(480,'A42'),
(481,'A43'),
(482,'A40'),
(483,'A42'),
(484,'A42'),
(485,'A40'),
(486,'A40'),
(487,'A43'),
(488,'A40'),
(489,'A40'),
(490,'A40'),
(491,'A43'),
(492,'A49'),
(493,'A43'),
(494,'A43'),
(495,'A40'),
(496,'A42'),
(497,'A42'),
(498,'A42'),
(499,'A43'),
(500,'A40'),
(501,'A40'),
(502,'A41'),
(503,'A43'),
(504,'A43'),
(505,'A40'),
(506,'A40'),
(507,'A41'),
(508,'A40'),
(509,'A43'),
(510,'A41'),
(511,'A40'),
(512,'A41'),
(513,'A49'),
(514,'A43'),
(515,'A40'),
(516,'A40'),
(517,'A40'),
(518,'A42'),
(519,'A40'),
(520,'A43'),
(521,'A45'),
(522,'A43'),
(523,'A42'),
(524,'A41'),
(525,'A43'),
(526,'A41'),
(527,'A46'),
(528,'A43'),
(529,'A43'),
(530,'A40'),
(531,'A46'),
(532,'A40'),
(533,'A41'),
(534,'A43'),
(535,'A43'),
(536,'A46'),
(537,'A40'),
(538,'A42'),
(539,'A40'),
(540,'A42'),
(541,'A43'),
(542,'A40'),
(543,'A42'),
(544,'A42'),
(545,'A40'),
(546,'A40'),
(547,'A40'),
(548,'A43'),
(549,'A43'),
(550,'A41'),
(551,'A45'),
(552,'A43'),
(553,'A43'),
(554,'A40'),
(555,'A46'),
(556,'A43'),
(557,'A40'),
(558,'A40'),
(559,'A42'),
(560,'A42'),
(561,'A41'),
(562,'A43'),
(563,'A43'),
(564,'A40'),
(565,'A49'),
(566,'A43'),
(567,'A40'),
(568,'A43'),
(569,'A43'),
(570,'A43'),
(571,'A42'),
(572,'A43'),
(573,'A41'),
(574,'A49'),
(575,'A43'),
(576,'A42'),
(577,'A43'),
(578,'A46'),
(579,'A40'),
(580,'A48'),
(581,'A40'),
(582,'A40'),
(583,'A42'),
(584,'A45'),
(585,'A40'),
(586,'A42'),
(587,'A40'),
(588,'A42'),
(589,'A44'),
(590,'A42'),
(591,'A43'),
(592,'A40'),
(593,'A49'),
(594,'A40'),
(595,'A410'),
(596,'A40'),
(597,'A40'),
(598,'A49'),
(599,'A40'),
(600,'A49'),
(601,'A43'),
(602,'A42'),
(603,'A46'),
(604,'A42'),
(605,'A42'),
(606,'A42'),
(607,'A49'),
(608,'A43'),
(609,'A43'),
(610,'A41'),
(611,'A44'),
(612,'A40'),
(613,'A43'),
(614,'A41'),
(615,'A42'),
(616,'A49'),
(617,'A43'),
(618,'A40'),
(619,'A42'),
(620,'A40'),
(621,'A49'),
(622,'A40'),
(623,'A49'),
(624,'A42'),
(625,'A43'),
(626,'A43'),
(627,'A42'),
(628,'A40'),
(629,'A42'),
(630,'A46'),
(631,'A43'),
(632,'A42'),
(633,'A43'),
(634,'A42'),
(635,'A40'),
(636,'A46'),
(637,'A43'),
(638,'A43'),
(639,'A43'),
(640,'A43'),
(641,'A46'),
(642,'A45'),
(643,'A46'),
(644,'A43'),
(645,'A43'),
(646,'A49'),
(647,'A42'),
(648,'A40'),
(649,'A40'),
(650,'A46'),
(651,'A46'),
(652,'A42'),
(653,'A40'),
(654,'A40'),
(655,'A41'),
(656,'A40'),
(657,'A40'),
(658,'A43'),
(659,'A49'),
(660,'A42'),
(661,'A43'),
(662,'A40'),
(663,'A42'),
(664,'A42'),
(665,'A46'),
(666,'A410'),
(667,'A42'),
(668,'A49'),
(669,'A40'),
(670,'A43'),
(671,'A49'),
(672,'A49'),
(673,'A40'),
(674,'A40'),
(675,'A49'),
(676,'A43'),
(677,'A42'),
(678,'A43'),
(679,'A43'),
(680,'A43'),
(681,'A46'),
(682,'A43'),
(683,'A43'),
(684,'A43'),
(685,'A49'),
(686,'A40'),
(687,'A43'),
(688,'A40'),
(689,'A43'),
(690,'A40'),
(691,'A42'),
(692,'A45'),
(693,'A43'),
(694,'A40'),
(695,'A43'),
(696,'A41'),
(697,'A43'),
(698,'A40'),
(699,'A43'),
(700,'A46'),
(701,'A42'),
(702,'A41'),
(703,'A43'),
(704,'A49'),
(705,'A49'),
(706,'A40'),
(707,'A40'),
(708,'A42'),
(709,'A43'),
(710,'A43'),
(711,'A43'),
(712,'A46'),
(713,'A41'),
(714,'A43'),
(715,'A40'),
(716,'A41'),
(717,'A43'),
(718,'A43'),
(719,'A43'),
(720,'A41'),
(721,'A43'),
(722,'A46'),
(723,'A40'),
(724,'A43'),
(725,'A40'),
(726,'A40'),
(727,'A43'),
(728,'A43'),
(729,'A49'),
(730,'A49'),
(731,'A43'),
(732,'A43'),
(733,'A43'),
(734,'A41'),
(735,'A40'),
(736,'A44'),
(737,'A41'),
(738,'A40'),
(739,'A40'),
(740,'A49'),
(741,'A40'),
(742,'A43'),
(743,'A43'),
(744,'A42'),
(745,'A42'),
(746,'A49'),
(747,'A40'),
(748,'A40'),
(749,'A41'),
(750,'A41'),
(751,'A42'),
(752,'A40'),
(753,'A49'),
(754,'A43'),
(755,'A45'),
(756,'A40'),
(757,'A40'),
(758,'A43'),
(759,'A40'),
(760,'A40'),
(761,'A40'),
(762,'A42'),
(763,'A43'),
(764,'A40'),
(765,'A40'),
(766,'A43'),
(767,'A42'),
(768,'A41'),
(769,'A42'),
(770,'A43'),
(771,'A41'),
(772,'A46'),
(773,'A41'),
(774,'A43'),
(775,'A40'),
(776,'A40'),
(777,'A40'),
(778,'A43'),
(779,'A41'),
(780,'A45'),
(781,'A43'),
(782,'A40'),
(783,'A48'),
(784,'A40'),
(785,'A41'),
(786,'A49'),
(787,'A43'),
(788,'A41'),
(789,'A46'),
(790,'A46'),
(791,'A49'),
(792,'A41'),
(793,'A42'),
(794,'A42'),
(795,'A42'),
(796,'A42'),
(797,'A41'),
(798,'A42'),
(799,'A40'),
(800,'A40'),
(801,'A46'),
(802,'A43'),
(803,'A42'),
(804,'A43'),
(805,'A40'),
(806,'A40'),
(807,'A43'),
(808,'A43'),
(809,'A41'),
(810,'A40'),
(811,'A49'),
(812,'A43'),
(813,'A41'),
(814,'A44'),
(815,'A40'),
(816,'A40'),
(817,'A44'),
(818,'A43'),
(819,'A410'),
(820,'A43'),
(821,'A40'),
(822,'A43'),
(823,'A42'),
(824,'A40'),
(825,'A42'),
(826,'A40'),
(827,'A40'),
(828,'A49'),
(829,'A41'),
(830,'A49'),
(831,'A49'),
(832,'A40'),
(833,'A49'),
(834,'A43'),
(835,'A43'),
(836,'A40'),
(837,'A43'),
(838,'A42'),
(839,'A41'),
(840,'A43'),
(841,'A42'),
(842,'A41'),
(843,'A45'),
(844,'A49'),
(845,'A42'),
(846,'A42'),
(847,'A40'),
(848,'A40'),
(849,'A43'),
(850,'A43'),
(851,'A40'),
(852,'A41'),
(853,'A43'),
(854,'A40'),
(855,'A40'),
(856,'A40'),
(857,'A48'),
(858,'A42'),
(859,'A40'),
(860,'A40'),
(861,'A41'),
(862,'A49'),
(863,'A43'),
(864,'A42'),
(865,'A42'),
(866,'A42'),
(867,'A43'),
(868,'A42'),
(869,'A49'),
(870,'A42'),
(871,'A42'),
(872,'A40'),
(873,'A49'),
(874,'A44'),
(875,'A42'),
(876,'A40'),
(877,'A43'),
(878,'A43'),
(879,'A40'),
(880,'A43'),
(881,'A41'),
(882,'A41'),
(883,'A40'),
(884,'A43'),
(885,'A42'),
(886,'A46'),
(887,'A49'),
(888,'A49'),
(889,'A40'),
(890,'A41'),
(891,'A49'),
(892,'A43'),
(893,'A40'),
(894,'A41'),
(895,'A43'),
(896,'A41'),
(897,'A43'),
(898,'A42'),
(899,'A42'),
(900,'A42'),
(901,'A40'),
(902,'A40'),
(903,'A41'),
(904,'A43'),
(905,'A43'),
(906,'A43'),
(907,'A40'),
(908,'A46'),
(909,'A41'),
(910,'A40'),
(911,'A43'),
(912,'A42'),
(913,'A43'),
(914,'A49'),
(915,'A49'),
(916,'A410'),
(917,'A41'),
(918,'A40'),
(919,'A42'),
(920,'A42'),
(921,'A42'),
(922,'A43'),
(923,'A43'),
(924,'A40'),
(925,'A42'),
(926,'A40'),
(927,'A42'),
(928,'A41'),
(929,'A43'),
(930,'A40'),
(931,'A42'),
(932,'A43'),
(933,'A40'),
(934,'A43'),
(935,'A43'),
(936,'A43'),
(937,'A43'),
(938,'A43'),
(939,'A46'),
(940,'A41'),
(941,'A40'),
(942,'A40'),
(943,'A42'),
(944,'A40'),
(945,'A42'),
(946,'A40'),
(947,'A42'),
(948,'A40'),
(949,'A42'),
(950,'A43'),
(951,'A49'),
(952,'A49'),
(953,'A41'),
(954,'A42'),
(955,'A40'),
(956,'A43'),
(957,'A43'),
(958,'A43'),
(959,'A40'),
(960,'A42'),
(961,'A43'),
(962,'A40'),
(963,'A40'),
(964,'A43'),
(965,'A45'),
(966,'A43'),
(967,'A43'),
(968,'A43'),
(969,'A43'),
(970,'A40'),
(971,'A45'),
(972,'A40'),
(973,'A40'),
(974,'A49'),
(975,'A43'),
(976,'A43'),
(977,'A43'),
(978,'A49'),
(979,'A40'),
(980,'A40'),
(981,'A42'),
(982,'A49'),
(983,'A40'),
(984,'A41'),
(985,'A42'),
(986,'A42'),
(987,'A49'),
(988,'A43'),
(989,'A41'),
(990,'A43'),
(991,'A46'),
(992,'A43'),
(993,'A43'),
(994,'A42'),
(995,'A40'),
(996,'A42'),
(997,'A41'),
(998,'A43'),
(999,'A43'),
(1000,'A41');

INSERT INTO PERSON_CREDIT_INFORMATION_STATUS VALUES
(1,'A65','A11',4,2),
(2,'A61','A12',2,1),
(3,'A61','A14',2,1),
(4,'A61','A11',2,1),
(5,'A61','A11',3,2),
(6,'A65','A14',2,1),
(7,'A63','A14',3,1),
(8,'A61','A12',2,1),
(9,'A64','A14',2,1),
(10,'A61','A12',4,2),
(11,'A61','A12',3,1),
(12,'A61','A11',3,1),
(13,'A61','A12',1,1),
(14,'A61','A11',4,2),
(15,'A61','A11',2,1),
(16,'A62','A11',4,1),
(17,'A65','A14',4,2),
(18,'A65','A11',2,3),
(19,'A61','A12',4,1),
(20,'A63','A14',3,1),
(21,'A61','A14',4,3),
(22,'A63','A11',2,1),
(23,'A61','A11',1,2),
(24,'A62','A12',3,1),
(25,'A65','A14',2,2),
(26,'A61','A11',1,1),
(27,'A61','A14',4,1),
(28,'A64','A13',3,2),
(29,'A61','A12',3,1),
(30,'A61','A11',3,2),
(31,'A64','A12',3,1),
(32,'A61','A11',2,1),
(33,'A62','A12',2,2),
(34,'A65','A14',4,1),
(35,'A61','A13',4,1),
(36,'A61','A12',4,2),
(37,'A61','A14',1,1),
(38,'A61','A13',4,1),
(39,'A61','A13',2,1),
(40,'A61','A12',4,1),
(41,'A63','A14',4,1),
(42,'A63','A12',3,1),
(43,'A61','A12',2,1),
(44,'A62','A11',1,2),
(45,'A61','A11',4,2),
(46,'A61','A14',4,2),
(47,'A63','A14',4,1),
(48,'A63','A11',1,1),
(49,'A61','A14',1,2),
(50,'A62','A14',4,1),
(51,'A65','A12',4,1),
(52,'A61','A12',1,2),
(53,'A61','A14',3,1),
(54,'A65','A14',2,1),
(55,'A61','A12',4,2),
(56,'A65','A14',1,1),
(57,'A65','A12',2,1),
(58,'A61','A14',2,2),
(59,'A61','A13',3,1),
(60,'A61','A11',4,2),
(61,'A61','A12',2,1),
(62,'A65','A12',4,2),
(63,'A61','A12',4,1),
(64,'A61','A12',2,1),
(65,'A61','A14',4,1),
(66,'A65','A14',4,4),
(67,'A61','A14',2,1),
(68,'A64','A12',4,1),
(69,'A61','A14',4,1),
(70,'A65','A14',4,1),
(71,'A61','A14',1,1),
(72,'A65','A14',4,2),
(73,'A61','A11',3,2),
(74,'A61','A12',2,2),
(75,'A65','A11',4,1),
(76,'A61','A11',4,2),
(77,'A61','A11',4,1),
(78,'A61','A12',2,1),
(79,'A65','A14',2,1),
(80,'A61','A12',2,1),
(81,'A65','A14',1,2),
(82,'A63','A14',4,1),
(83,'A62','A14',3,1),
(84,'A61','A11',4,1),
(85,'A61','A11',3,1),
(86,'A61','A14',4,2),
(87,'A61','A12',4,2),
(88,'A62','A12',1,1),
(89,'A62','A11',4,1),
(90,'A61','A11',4,2),
(91,'A61','A14',4,1),
(92,'A61','A11',4,1),
(93,'A65','A14',4,1),
(94,'A65','A13',4,2),
(95,'A64','A12',4,1),
(96,'A61','A12',3,1),
(97,'A65','A14',4,1),
(98,'A62','A12',4,1),
(99,'A61','A12',4,1),
(100,'A65','A12',3,2),
(101,'A62','A14',4,1),
(102,'A61','A12',4,1),
(103,'A61','A14',3,1),
(104,'A61','A12',4,1),
(105,'A65','A14',2,1),
(106,'A61','A12',2,2),
(107,'A61','A14',2,2),
(108,'A61','A12',2,1),
(109,'A65','A11',1,1),
(110,'A63','A12',1,1),
(111,'A62','A12',1,2),
(112,'A61','A13',4,1),
(113,'A61','A12',3,1),
(114,'A61','A14',4,2),
(115,'A63','A11',3,1),
(116,'A65','A14',4,1),
(117,'A65','A11',4,1),
(118,'A65','A11',2,2),
(119,'A63','A11',1,2),
(120,'A63','A12',3,1),
(121,'A61','A11',3,2),
(122,'A61','A14',4,2),
(123,'A61','A14',3,1),
(124,'A61','A13',4,2),
(125,'A65','A12',4,1),
(126,'A61','A11',4,2),
(127,'A61','A11',4,1),
(128,'A61','A12',4,1),
(129,'A61','A12',4,2),
(130,'A61','A11',3,2),
(131,'A65','A12',1,1),
(132,'A61','A11',4,1),
(133,'A61','A14',2,2),
(134,'A61','A14',4,2),
(135,'A62','A14',2,1),
(136,'A65','A14',4,2),
(137,'A64','A14',2,2),
(138,'A63','A12',4,1),
(139,'A65','A12',4,3),
(140,'A61','A13',2,1),
(141,'A64','A13',2,1),
(142,'A61','A12',4,1),
(143,'A61','A11',3,1),
(144,'A61','A11',2,1),
(145,'A61','A14',4,1),
(146,'A62','A12',4,1),
(147,'A61','A11',1,2),
(148,'A62','A14',4,2),
(149,'A61','A11',3,2),
(150,'A64','A14',4,2),
(151,'A62','A14',2,1),
(152,'A61','A14',1,1),
(153,'A61','A13',4,1),
(154,'A64','A12',2,1),
(155,'A62','A12',4,1),
(156,'A61','A11',2,1),
(157,'A62','A11',3,2),
(158,'A61','A11',4,1),
(159,'A62','A12',2,2),
(160,'A65','A14',1,2),
(161,'A62','A14',3,1),
(162,'A61','A14',4,2),
(163,'A63','A14',4,2),
(164,'A61','A12',2,1),
(165,'A63','A14',4,1),
(166,'A63','A14',1,1),
(167,'A61','A11',4,1),
(168,'A64','A12',4,1),
(169,'A61','A14',2,1),
(170,'A61','A12',4,2),
(171,'A61','A11',4,2),
(172,'A61','A14',4,1),
(173,'A61','A12',3,1),
(174,'A61','A12',4,1),
(175,'A61','A11',2,2),
(176,'A65','A14',4,1),
(177,'A61','A11',2,1),
(178,'A63','A11',4,2),
(179,'A61','A14',4,2),
(180,'A61','A11',4,2),
(181,'A61','A14',1,2),
(182,'A61','A12',2,2),
(183,'A65','A11',4,2),
(184,'A64','A14',4,1),
(185,'A61','A12',4,1),
(186,'A61','A14',4,2),
(187,'A61','A12',2,1),
(188,'A61','A12',2,3),
(189,'A62','A11',4,1),
(190,'A61','A12',1,2),
(191,'A64','A14',2,3),
(192,'A62','A12',4,1),
(193,'A61','A12',4,1),
(194,'A61','A14',2,1),
(195,'A62','A12',4,1),
(196,'A61','A12',2,2),
(197,'A61','A14',1,2),
(198,'A62','A12',4,4),
(199,'A65','A12',4,1),
(200,'A61','A12',4,1),
(201,'A63','A14',4,2),
(202,'A61','A11',4,1),
(203,'A61','A14',3,2),
(204,'A61','A11',4,1),
(205,'A61','A14',4,2),
(206,'A61','A11',3,3),
(207,'A61','A14',4,3),
(208,'A61','A12',4,1),
(209,'A61','A11',2,1),
(210,'A64','A14',3,1),
(211,'A65','A14',1,2),
(212,'A65','A14',2,1),
(213,'A61','A11',2,2),
(214,'A61','A13',4,1),
(215,'A65','A14',4,1),
(216,'A65','A12',1,2),
(217,'A61','A11',3,1),
(218,'A61','A13',2,1),
(219,'A61','A11',2,1),
(220,'A61','A14',2,1),
(221,'A61','A12',4,1),
(222,'A65','A11',4,1),
(223,'A61','A14',4,2),
(224,'A65','A14',4,2),
(225,'A61','A14',3,1),
(226,'A61','A14',4,2),
(227,'A64','A12',1,2),
(228,'A61','A11',4,1),
(229,'A61','A14',4,1),
(230,'A61','A11',4,1),
(231,'A61','A13',4,1),
(232,'A63','A14',2,1),
(233,'A62','A14',3,1),
(234,'A61','A12',4,1),
(235,'A61','A14',2,3),
(236,'A61','A11',4,1),
(237,'A65','A12',1,1),
(238,'A62','A12',4,2),
(239,'A61','A14',4,2),
(240,'A61','A11',1,1),
(241,'A65','A11',4,1),
(242,'A61','A14',3,1),
(243,'A61','A11',3,2),
(244,'A61','A14',3,2),
(245,'A63','A14',4,1),
(246,'A61','A14',4,1),
(247,'A61','A14',4,3),
(248,'A62','A14',4,1),
(249,'A61','A13',2,1),
(250,'A61','A14',3,1),
(251,'A64','A11',3,2),
(252,'A61','A13',1,1),
(253,'A61','A12',4,1),
(254,'A62','A14',2,2),
(255,'A65','A12',2,1),
(256,'A65','A12',1,1),
(257,'A61','A14',4,2),
(258,'A61','A11',4,1),
(259,'A62','A14',1,1),
(260,'A62','A14',4,3),
(261,'A61','A11',2,1),
(262,'A61','A11',4,1),
(263,'A61','A11',2,3),
(264,'A61','A14',2,3),
(265,'A61','A14',3,2),
(266,'A61','A12',4,1),
(267,'A65','A14',4,2),
(268,'A61','A14',4,1),
(269,'A61','A11',1,1),
(270,'A65','A14',4,2),
(271,'A65','A14',4,1),
(272,'A63','A14',3,1),
(273,'A65','A12',4,1),
(274,'A61','A12',4,2),
(275,'A61','A11',1,1),
(276,'A61','A14',1,1),
(277,'A61','A14',2,2),
(278,'A65','A11',2,1),
(279,'A61','A14',1,1),
(280,'A62','A14',4,1),
(281,'A64','A14',3,2),
(282,'A61','A14',4,1),
(283,'A65','A13',4,1),
(284,'A65','A14',4,1),
(285,'A62','A12',4,1),
(286,'A61','A11',1,1),
(287,'A61','A11',4,1),
(288,'A62','A12',2,1),
(289,'A61','A12',4,2),
(290,'A61','A11',4,1),
(291,'A61','A14',2,1),
(292,'A61','A12',1,1),
(293,'A61','A11',2,2),
(294,'A61','A13',4,1),
(295,'A65','A14',4,2),
(296,'A61','A12',1,1),
(297,'A65','A14',1,1),
(298,'A65','A14',4,1),
(299,'A61','A14',3,1),
(300,'A64','A12',3,2),
(301,'A61','A14',1,1),
(302,'A61','A12',4,1),
(303,'A65','A13',4,2),
(304,'A61','A11',4,2),
(305,'A63','A14',2,1),
(306,'A64','A14',4,1),
(307,'A65','A14',2,1),
(308,'A62','A11',4,1),
(309,'A61','A12',3,1),
(310,'A61','A12',4,1),
(311,'A65','A12',3,1),
(312,'A62','A14',4,1),
(313,'A61','A13',2,1),
(314,'A61','A12',2,1),
(315,'A65','A13',1,1),
(316,'A61','A11',4,1),
(317,'A61','A11',2,1),
(318,'A65','A12',1,1),
(319,'A61','A14',4,2),
(320,'A61','A11',1,2),
(321,'A61','A12',4,2),
(322,'A61','A11',4,1),
(323,'A61','A11',2,1),
(324,'A64','A11',4,1),
(325,'A61','A14',4,2),
(326,'A61','A11',1,2),
(327,'A65','A14',2,1),
(328,'A64','A14',4,1),
(329,'A61','A13',4,1),
(330,'A61','A12',4,1),
(331,'A61','A11',2,2),
(332,'A62','A14',4,2),
(333,'A62','A12',4,1),
(334,'A62','A14',2,2),
(335,'A61','A11',3,2),
(336,'A61','A11',1,1),
(337,'A61','A12',2,1),
(338,'A65','A11',4,1),
(339,'A61','A11',4,1),
(340,'A61','A12',4,1),
(341,'A61','A12',2,2),
(342,'A61','A11',1,1),
(343,'A63','A12',1,1),
(344,'A61','A12',1,1),
(345,'A61','A13',1,1),
(346,'A61','A14',4,1),
(347,'A61','A12',4,2),
(348,'A63','A12',1,1),
(349,'A62','A14',1,2),
(350,'A64','A12',4,2),
(351,'A61','A14',1,1),
(352,'A61','A12',1,1),
(353,'A65','A14',2,1),
(354,'A61','A11',4,2),
(355,'A63','A14',4,1),
(356,'A61','A12',4,1),
(357,'A65','A14',1,1),
(358,'A61','A14',4,2),
(359,'A61','A14',4,1),
(360,'A61','A11',4,1),
(361,'A65','A12',4,1),
(362,'A65','A13',2,1),
(363,'A61','A13',2,2),
(364,'A61','A14',1,1),
(365,'A61','A11',4,1),
(366,'A61','A14',2,1),
(367,'A61','A14',3,2),
(368,'A61','A11',1,1),
(369,'A61','A11',4,1),
(370,'A61','A12',2,1),
(371,'A65','A14',4,1),
(372,'A61','A14',3,2),
(373,'A61','A14',1,2),
(374,'A65','A14',2,1),
(375,'A62','A12',3,2),
(376,'A61','A11',2,1),
(377,'A61','A14',2,2),
(378,'A65','A14',3,1),
(379,'A61','A12',4,1),
(380,'A62','A14',4,2),
(381,'A65','A11',4,1),
(382,'A61','A12',3,1),
(383,'A65','A14',4,1),
(384,'A61','A13',4,1),
(385,'A62','A14',2,2),
(386,'A61','A14',2,2),
(387,'A65','A14',4,1),
(388,'A61','A12',4,2),
(389,'A63','A12',2,1),
(390,'A61','A14',3,2),
(391,'A61','A14',2,1),
(392,'A64','A12',1,1),
(393,'A61','A11',2,1),
(394,'A61','A11',1,1),
(395,'A61','A14',2,1),
(396,'A62','A12',2,1),
(397,'A61','A11',3,1),
(398,'A61','A11',3,2),
(399,'A61','A12',1,2),
(400,'A64','A14',4,2),
(401,'A61','A14',3,1),
(402,'A65','A12',4,2),
(403,'A61','A14',2,2),
(404,'A61','A14',4,2),
(405,'A65','A12',4,1),
(406,'A61','A12',1,1),
(407,'A65','A14',4,2),
(408,'A61','A11',4,1),
(409,'A63','A14',3,1),
(410,'A63','A13',4,3),
(411,'A61','A12',4,1),
(412,'A61','A14',3,2),
(413,'A61','A14',4,2),
(414,'A63','A14',3,1),
(415,'A65','A11',4,1),
(416,'A61','A14',2,2),
(417,'A61','A11',4,1),
(418,'A65','A11',1,2),
(419,'A63','A14',1,1),
(420,'A65','A12',4,1),
(421,'A64','A14',2,1),
(422,'A65','A12',4,1),
(423,'A61','A12',2,2),
(424,'A62','A14',4,2),
(425,'A65','A12',1,1),
(426,'A61','A12',1,1),
(427,'A61','A14',4,2),
(428,'A64','A14',4,2),
(429,'A61','A14',1,1),
(430,'A61','A11',2,3),
(431,'A61','A14',1,1),
(432,'A61','A12',2,2),
(433,'A61','A11',4,3),
(434,'A61','A14',4,2),
(435,'A61','A11',3,1),
(436,'A65','A12',2,1),
(437,'A63','A14',2,1),
(438,'A64','A14',4,2),
(439,'A61','A11',4,2),
(440,'A61','A13',4,1),
(441,'A61','A14',4,1),
(442,'A61','A11',2,1),
(443,'A61','A12',2,2),
(444,'A61','A14',4,1),
(445,'A61','A12',2,1),
(446,'A65','A14',4,2),
(447,'A61','A11',4,1),
(448,'A61','A12',2,1),
(449,'A65','A13',3,1),
(450,'A64','A12',3,2),
(451,'A65','A14',4,1),
(452,'A61','A14',3,1),
(453,'A61','A14',2,2),
(454,'A61','A14',4,1),
(455,'A61','A11',2,1),
(456,'A61','A14',4,1),
(457,'A61','A11',2,2),
(458,'A61','A11',3,1),
(459,'A61','A11',4,1),
(460,'A61','A14',3,1),
(461,'A61','A11',1,1),
(462,'A61','A11',2,1),
(463,'A61','A12',3,1),
(464,'A65','A12',4,2),
(465,'A61','A14',4,2),
(466,'A61','A11',3,1),
(467,'A61','A11',4,1),
(468,'A65','A14',3,2),
(469,'A61','A14',2,2),
(470,'A61','A14',3,2),
(471,'A62','A12',3,1),
(472,'A61','A11',4,1),
(473,'A61','A11',4,1),
(474,'A65','A14',4,1),
(475,'A61','A12',4,1),
(476,'A61','A11',1,1),
(477,'A63','A14',4,1),
(478,'A61','A13',4,1),
(479,'A62','A12',3,1),
(480,'A61','A11',4,2),
(481,'A61','A12',1,1),
(482,'A61','A12',4,1),
(483,'A64','A11',4,2),
(484,'A64','A14',3,2),
(485,'A63','A14',4,1),
(486,'A61','A12',4,1),
(487,'A61','A14',2,1),
(488,'A61','A14',4,1),
(489,'A62','A14',3,1),
(490,'A61','A14',2,1),
(491,'A61','A14',2,2),
(492,'A61','A12',2,2),
(493,'A62','A14',1,2),
(494,'A65','A12',4,1),
(495,'A61','A11',3,2),
(496,'A65','A11',2,1),
(497,'A62','A12',4,1),
(498,'A61','A14',4,2),
(499,'A61','A12',4,1),
(500,'A62','A13',2,2),
(501,'A61','A11',4,1),
(502,'A61','A11',2,1),
(503,'A62','A13',2,1),
(504,'A62','A12',4,2),
(505,'A61','A11',4,1),
(506,'A65','A14',4,1),
(507,'A63','A13',2,1),
(508,'A62','A12',1,1),
(509,'A61','A14',4,1),
(510,'A62','A14',4,1),
(511,'A61','A11',4,1),
(512,'A61','A14',2,1),
(513,'A61','A13',2,1),
(514,'A61','A12',4,2),
(515,'A65','A14',4,1),
(516,'A61','A11',4,2),
(517,'A61','A11',2,1),
(518,'A61','A14',2,2),
(519,'A62','A11',3,1),
(520,'A65','A14',4,2),
(521,'A61','A14',3,2),
(522,'A61','A11',2,1),
(523,'A61','A11',3,2),
(524,'A62','A14',3,1),
(525,'A61','A12',4,1),
(526,'A61','A12',2,2),
(527,'A62','A14',4,1),
(528,'A61','A14',2,2),
(529,'A61','A11',4,1),
(530,'A61','A11',3,1),
(531,'A61','A12',3,2),
(532,'A62','A12',2,2),
(533,'A61','A14',4,1),
(534,'A62','A14',4,1),
(535,'A65','A14',4,2),
(536,'A61','A13',2,1),
(537,'A65','A11',4,1),
(538,'A61','A12',3,1),
(539,'A61','A11',4,1),
(540,'A61','A13',1,1),
(541,'A61','A12',1,1),
(542,'A61','A14',4,2),
(543,'A65','A11',4,1),
(544,'A61','A13',2,1),
(545,'A61','A14',4,2),
(546,'A61','A11',4,2),
(547,'A61','A14',4,1),
(548,'A61','A14',3,1),
(549,'A61','A11',4,1),
(550,'A65','A14',2,2),
(551,'A65','A14',4,2),
(552,'A63','A14',2,1),
(553,'A61','A11',1,2),
(554,'A62','A12',4,1),
(555,'A61','A12',4,2),
(556,'A61','A12',2,1),
(557,'A62','A12',3,2),
(558,'A65','A14',1,2),
(559,'A61','A11',3,1),
(560,'A61','A12',2,2),
(561,'A65','A11',4,1),
(562,'A61','A11',4,1),
(563,'A61','A13',2,1),
(564,'A65','A12',1,1),
(565,'A65','A12',4,2),
(566,'A62','A12',3,2),
(567,'A61','A11',2,1),
(568,'A64','A14',2,1),
(569,'A65','A12',4,2),
(570,'A61','A11',3,1),
(571,'A61','A11',4,1),
(572,'A61','A14',3,1),
(573,'A65','A14',2,1),
(574,'A61','A11',4,1),
(575,'A61','A12',4,2),
(576,'A61','A14',2,2),
(577,'A61','A12',2,1),
(578,'A65','A14',3,2),
(579,'A61','A12',4,2),
(580,'A61','A14',4,2),
(581,'A61','A12',3,2),
(582,'A61','A12',1,2),
(583,'A61','A14',4,1),
(584,'A61','A12',4,1),
(585,'A65','A14',4,1),
(586,'A61','A11',1,1),
(587,'A61','A11',2,2),
(588,'A61','A11',4,1),
(589,'A61','A11',4,1),
(590,'A61','A11',3,2),
(591,'A61','A11',4,4),
(592,'A65','A12',4,2),
(593,'A64','A14',4,1),
(594,'A61','A12',3,1),
(595,'A65','A11',4,1),
(596,'A62','A12',1,1),
(597,'A61','A11',4,2),
(598,'A61','A12',1,3),
(599,'A61','A14',2,2),
(600,'A61','A14',1,1),
(601,'A61','A12',1,1),
(602,'A61','A12',4,1),
(603,'A61','A12',4,1),
(604,'A61','A14',4,1),
(605,'A61','A13',4,1),
(606,'A63','A11',4,1),
(607,'A61','A14',3,1),
(608,'A62','A12',4,1),
(609,'A61','A14',4,1),
(610,'A65','A14',4,1),
(611,'A62','A11',4,1),
(612,'A62','A13',1,1),
(613,'A64','A11',4,1),
(614,'A61','A11',1,1),
(615,'A61','A14',4,1),
(616,'A65','A12',2,1),
(617,'A65','A12',2,1),
(618,'A61','A11',1,3),
(619,'A62','A12',2,1),
(620,'A61','A14',4,1),
(621,'A61','A12',2,2),
(622,'A61','A14',3,2),
(623,'A65','A14',4,1),
(624,'A61','A11',4,1),
(625,'A61','A11',4,2),
(626,'A65','A14',4,1),
(627,'A61','A13',2,1),
(628,'A62','A12',2,1),
(629,'A63','A14',4,2),
(630,'A65','A14',1,1),
(631,'A61','A11',2,1),
(632,'A61','A11',4,1),
(633,'A65','A12',4,1),
(634,'A61','A14',2,2),
(635,'A61','A12',3,1),
(636,'A61','A14',4,3),
(637,'A63','A14',4,1),
(638,'A61','A14',2,2),
(639,'A61','A14',4,1),
(640,'A61','A11',3,2),
(641,'A61','A11',4,1),
(642,'A61','A12',4,2),
(643,'A62','A14',3,1),
(644,'A61','A14',4,2),
(645,'A61','A11',4,2),
(646,'A65','A14',4,2),
(647,'A61','A11',2,2),
(648,'A63','A14',2,1),
(649,'A61','A13',4,1),
(650,'A61','A11',4,1),
(651,'A61','A11',4,1),
(652,'A61','A12',4,1),
(653,'A61','A11',4,1),
(654,'A62','A12',2,4),
(655,'A61','A14',4,2),
(656,'A61','A11',1,1),
(657,'A61','A12',4,1),
(658,'A65','A14',4,1),
(659,'A61','A12',2,2),
(660,'A61','A12',2,1),
(661,'A61','A13',3,1),
(662,'A65','A11',4,1),
(663,'A61','A14',4,2),
(664,'A61','A12',4,2),
(665,'A61','A13',2,1),
(666,'A61','A14',4,2),
(667,'A64','A12',4,1),
(668,'A61','A14',1,1),
(669,'A61','A11',3,2),
(670,'A61','A13',4,1),
(671,'A62','A14',3,2),
(672,'A62','A14',2,2),
(673,'A61','A14',2,1),
(674,'A63','A14',1,1),
(675,'A63','A14',4,1),
(676,'A61','A14',4,1),
(677,'A61','A14',4,1),
(678,'A62','A12',2,1),
(679,'A61','A11',4,1),
(680,'A61','A14',3,1),
(681,'A61','A14',1,1),
(682,'A65','A14',4,1),
(683,'A61','A14',4,2),
(684,'A61','A14',3,3),
(685,'A62','A12',1,2),
(686,'A65','A14',4,1),
(687,'A65','A13',4,2),
(688,'A62','A12',4,1),
(689,'A62','A14',3,1),
(690,'A64','A11',1,1),
(691,'A61','A11',2,2),
(692,'A62','A12',3,1),
(693,'A62','A12',2,1),
(694,'A65','A11',1,2),
(695,'A61','A14',4,1),
(696,'A63','A14',2,1),
(697,'A61','A12',4,2),
(698,'A61','A14',1,1),
(699,'A61','A14',4,2),
(700,'A61','A13',4,1),
(701,'A63','A14',4,1),
(702,'A61','A11',4,2),
(703,'A62','A13',4,1),
(704,'A62','A12',4,2),
(705,'A61','A12',4,1),
(706,'A63','A14',1,1),
(707,'A62','A12',3,1),
(708,'A61','A12',4,2),
(709,'A61','A12',4,1),
(710,'A61','A12',2,1),
(711,'A63','A14',4,2),
(712,'A61','A11',4,1),
(713,'A65','A14',4,1),
(714,'A61','A11',4,2),
(715,'A61','A12',4,1),
(716,'A65','A14',1,2),
(717,'A65','A14',3,2),
(718,'A61','A14',4,1),
(719,'A65','A13',3,2),
(720,'A62','A12',3,2),
(721,'A61','A13',4,2),
(722,'A64','A12',4,1),
(723,'A61','A11',4,1),
(724,'A63','A12',4,1),
(725,'A61','A14',3,1),
(726,'A64','A14',2,2),
(727,'A63','A14',2,2),
(728,'A61','A11',4,2),
(729,'A61','A12',4,1),
(730,'A64','A13',2,2),
(731,'A61','A12',1,1),
(732,'A61','A11',2,1),
(733,'A61','A12',4,1),
(734,'A64','A14',2,1),
(735,'A61','A14',1,1),
(736,'A65','A12',3,1),
(737,'A61','A12',1,2),
(738,'A62','A11',3,1),
(739,'A61','A14',1,2),
(740,'A62','A12',4,2),
(741,'A62','A11',2,1),
(742,'A61','A12',4,1),
(743,'A65','A14',4,1),
(744,'A63','A11',4,1),
(745,'A65','A11',4,2),
(746,'A61','A11',3,2),
(747,'A61','A11',1,1),
(748,'A61','A11',3,1),
(749,'A65','A14',1,1),
(750,'A61','A14',2,1),
(751,'A61','A11',2,1),
(752,'A61','A11',1,1),
(753,'A62','A12',2,1),
(754,'A61','A14',4,2),
(755,'A64','A14',4,2),
(756,'A65','A11',4,1),
(757,'A61','A13',1,3),
(758,'A65','A13',3,2),
(759,'A61','A14',2,1),
(760,'A61','A11',4,2),
(761,'A65','A14',1,1),
(762,'A61','A11',4,2),
(763,'A61','A11',4,1),
(764,'A65','A14',4,1),
(765,'A62','A14',4,2),
(766,'A61','A12',3,2),
(767,'A61','A11',2,1),
(768,'A65','A14',1,1),
(769,'A61','A12',1,3),
(770,'A61','A14',2,2),
(771,'A65','A11',2,1),
(772,'A61','A11',3,2),
(773,'A61','A14',1,1),
(774,'A62','A14',4,2),
(775,'A63','A13',2,3),
(776,'A65','A11',4,1),
(777,'A61','A14',4,2),
(778,'A61','A11',4,1),
(779,'A64','A14',4,2),
(780,'A61','A12',2,1),
(781,'A61','A12',2,2),
(782,'A64','A14',4,1),
(783,'A61','A12',2,1),
(784,'A62','A12',4,1),
(785,'A65','A12',1,1),
(786,'A64','A12',4,1),
(787,'A63','A14',3,1),
(788,'A65','A14',4,2),
(789,'A61','A12',4,1),
(790,'A61','A11',4,1),
(791,'A61','A12',2,1),
(792,'A65','A14',3,1),
(793,'A65','A14',1,2),
(794,'A61','A13',3,1),
(795,'A63','A14',4,1),
(796,'A62','A14',2,1),
(797,'A65','A11',1,1),
(798,'A61','A14',2,2),
(799,'A65','A14',4,2),
(800,'A65','A12',4,1),
(801,'A61','A14',4,2),
(802,'A61','A12',3,2),
(803,'A61','A11',1,2),
(804,'A65','A14',4,2),
(805,'A65','A12',1,1),
(806,'A61','A11',2,1),
(807,'A61','A12',3,1),
(808,'A65','A14',4,4),
(809,'A61','A12',1,1),
(810,'A61','A12',2,2),
(811,'A61','A12',3,1),
(812,'A61','A12',3,1),
(813,'A61','A11',4,2),
(814,'A61','A11',3,1),
(815,'A61','A11',4,1),
(816,'A61','A12',2,1),
(817,'A63','A14',1,1),
(818,'A61','A14',1,2),
(819,'A61','A11',2,1),
(820,'A61','A11',4,1),
(821,'A61','A14',3,2),
(822,'A61','A13',3,1),
(823,'A61','A11',2,1),
(824,'A61','A11',4,2),
(825,'A61','A14',3,2),
(826,'A61','A11',4,2),
(827,'A61','A11',1,3),
(828,'A61','A14',2,2),
(829,'A65','A11',3,1),
(830,'A65','A12',4,1),
(831,'A63','A14',4,2),
(832,'A61','A11',4,1),
(833,'A61','A11',2,2),
(834,'A65','A12',2,1),
(835,'A61','A13',2,1),
(836,'A61','A11',4,2),
(837,'A65','A14',4,1),
(838,'A61','A14',1,1),
(839,'A61','A11',4,2),
(840,'A61','A14',4,2),
(841,'A61','A11',4,1),
(842,'A61','A14',3,2),
(843,'A61','A14',4,1),
(844,'A61','A14',4,1),
(845,'A61','A14',4,3),
(846,'A65','A12',2,1),
(847,'A65','A14',2,2),
(848,'A61','A14',4,1),
(849,'A61','A11',3,1),
(850,'A61','A11',4,1),
(851,'A61','A11',4,2),
(852,'A65','A14',3,2),
(853,'A61','A14',4,2),
(854,'A61','A11',4,2),
(855,'A61','A14',2,2),
(856,'A62','A14',4,1),
(857,'A65','A14',4,1),
(858,'A61','A14',4,1),
(859,'A61','A11',3,1),
(860,'A62','A14',1,1),
(861,'A64','A14',4,2),
(862,'A61','A14',4,1),
(863,'A61','A11',4,1),
(864,'A64','A14',4,2),
(865,'A61','A14',2,1),
(866,'A63','A14',2,1),
(867,'A61','A11',4,1),
(868,'A61','A14',2,1),
(869,'A65','A14',3,2),
(870,'A61','A11',4,1),
(871,'A63','A14',2,2),
(872,'A61','A13',1,2),
(873,'A62','A11',4,2),
(874,'A65','A14',4,1),
(875,'A61','A11',2,1),
(876,'A64','A12',4,2),
(877,'A61','A11',3,1),
(878,'A61','A14',4,1),
(879,'A61','A11',3,1),
(880,'A65','A14',2,2),
(881,'A61','A14',3,1),
(882,'A65','A14',2,1),
(883,'A65','A12',4,2),
(884,'A61','A14',4,2),
(885,'A61','A12',3,1),
(886,'A61','A11',4,1),
(887,'A65','A12',4,2),
(888,'A61','A12',2,1),
(889,'A61','A14',4,2),
(890,'A65','A14',3,2),
(891,'A61','A11',4,4),
(892,'A61','A14',4,2),
(893,'A61','A11',4,2),
(894,'A61','A12',3,2),
(895,'A65','A14',4,2),
(896,'A65','A14',3,1),
(897,'A61','A11',4,1),
(898,'A64','A14',3,1),
(899,'A65','A14',1,1),
(900,'A61','A11',2,1),
(901,'A61','A11',2,1),
(902,'A65','A14',2,2),
(903,'A65','A14',2,2),
(904,'A65','A14',4,1),
(905,'A61','A14',4,1),
(906,'A61','A11',2,1),
(907,'A65','A11',2,1),
(908,'A65','A12',2,1),
(909,'A61','A14',1,2),
(910,'A65','A12',1,1),
(911,'A61','A14',4,2),
(912,'A61','A12',2,1),
(913,'A65','A12',2,1),
(914,'A64','A14',1,1),
(915,'A61','A11',4,1),
(916,'A61','A12',1,1),
(917,'A62','A14',1,1),
(918,'A61','A11',1,1),
(919,'A62','A11',1,1),
(920,'A61','A11',4,1),
(921,'A61','A14',4,2),
(922,'A63','A14',4,1),
(923,'A61','A11',3,1),
(924,'A61','A12',3,1),
(925,'A61','A11',2,1),
(926,'A61','A11',4,2),
(927,'A61','A11',4,1),
(928,'A61','A11',4,3),
(929,'A65','A14',4,1),
(930,'A61','A11',4,2),
(931,'A61','A11',4,1),
(932,'A61','A12',4,1),
(933,'A61','A14',3,2),
(934,'A63','A14',4,2),
(935,'A61','A11',4,1),
(936,'A62','A12',4,2),
(937,'A61','A13',3,1),
(938,'A61','A12',4,1),
(939,'A61','A12',4,1),
(940,'A65','A14',2,2),
(941,'A65','A14',2,1),
(942,'A61','A14',3,1),
(943,'A65','A14',4,1),
(944,'A61','A14',2,3),
(945,'A61','A11',4,1),
(946,'A63','A12',1,2),
(947,'A63','A11',4,1),
(948,'A65','A14',4,1),
(949,'A61','A14',4,1),
(950,'A62','A14',2,2),
(951,'A61','A12',3,3),
(952,'A61','A11',2,2),
(953,'A63','A12',3,1),
(954,'A61','A14',4,2),
(955,'A61','A11',4,1),
(956,'A64','A11',4,2),
(957,'A65','A13',4,2),
(958,'A61','A12',2,3),
(959,'A61','A11',3,1),
(960,'A62','A12',4,1),
(961,'A61','A14',2,2),
(962,'A61','A12',1,2),
(963,'A65','A14',3,1),
(964,'A63','A14',3,2),
(965,'A61','A12',3,1),
(966,'A65','A12',4,1),
(967,'A63','A12',4,2),
(968,'A61','A14',4,1),
(969,'A65','A14',2,1),
(970,'A61','A11',1,2),
(971,'A62','A12',4,1),
(972,'A61','A14',1,1),
(973,'A61','A11',1,2),
(974,'A61','A11',4,1),
(975,'A61','A14',4,1),
(976,'A63','A13',3,1),
(977,'A61','A12',2,1),
(978,'A65','A12',4,2),
(979,'A61','A14',4,2),
(980,'A62','A12',2,1),
(981,'A61','A12',2,1),
(982,'A61','A14',3,1),
(983,'A62','A13',1,1),
(984,'A61','A11',2,1),
(985,'A61','A14',2,2),
(986,'A61','A11',4,2),
(987,'A61','A13',2,2),
(988,'A62','A14',2,1),
(989,'A61','A11',4,1),
(990,'A61','A12',4,2),
(991,'A65','A14',2,2),
(992,'A62','A14',4,1),
(993,'A65','A11',2,2),
(994,'A61','A11',4,1),
(995,'A65','A14',4,1),
(996,'A61','A14',3,1),
(997,'A61','A11',4,1),
(998,'A61','A14',4,1),
(999,'A61','A11',4,1),
(1000,'A62','A12',3,1);

INSERT INTO CREDIT_HISTORY VALUES
(1,'A34'),
(2,'A32'),
(3,'A34'),
(4,'A32'),
(5,'A33'),
(6,'A32'),
(7,'A32'),
(8,'A32'),
(9,'A32'),
(10,'A34'),
(11,'A32'),
(12,'A32'),
(13,'A32'),
(14,'A34'),
(15,'A32'),
(16,'A32'),
(17,'A34'),
(18,'A30'),
(19,'A32'),
(20,'A32'),
(21,'A34'),
(22,'A32'),
(23,'A34'),
(24,'A34'),
(25,'A34'),
(26,'A32'),
(27,'A30'),
(28,'A31'),
(29,'A32'),
(30,'A33'),
(31,'A32'),
(32,'A32'),
(33,'A32'),
(34,'A34'),
(35,'A32'),
(36,'A34'),
(37,'A34'),
(38,'A32'),
(39,'A32'),
(40,'A32'),
(41,'A32'),
(42,'A32'),
(43,'A33'),
(44,'A34'),
(45,'A34'),
(46,'A34'),
(47,'A32'),
(48,'A32'),
(49,'A34'),
(50,'A32'),
(51,'A33'),
(52,'A33'),
(53,'A32'),
(54,'A32'),
(55,'A33'),
(56,'A31'),
(57,'A32'),
(58,'A34'),
(59,'A32'),
(60,'A34'),
(61,'A32'),
(62,'A34'),
(63,'A30'),
(64,'A30'),
(65,'A32'),
(66,'A32'),
(67,'A32'),
(68,'A32'),
(69,'A32'),
(70,'A32'),
(71,'A32'),
(72,'A34'),
(73,'A34'),
(74,'A34'),
(75,'A32'),
(76,'A34'),
(77,'A32'),
(78,'A33'),
(79,'A30'),
(80,'A32'),
(81,'A32'),
(82,'A32'),
(83,'A32'),
(84,'A32'),
(85,'A32'),
(86,'A34'),
(87,'A34'),
(88,'A32'),
(89,'A32'),
(90,'A30'),
(91,'A34'),
(92,'A34'),
(93,'A34'),
(94,'A34'),
(95,'A32'),
(96,'A30'),
(97,'A34'),
(98,'A32'),
(99,'A34'),
(100,'A33'),
(101,'A32'),
(102,'A32'),
(103,'A33'),
(104,'A34'),
(105,'A32'),
(106,'A34'),
(107,'A31'),
(108,'A32'),
(109,'A32'),
(110,'A32'),
(111,'A33'),
(112,'A32'),
(113,'A32'),
(114,'A34'),
(115,'A32'),
(116,'A34'),
(117,'A32'),
(118,'A34'),
(119,'A34'),
(120,'A34'),
(121,'A32'),
(122,'A34'),
(123,'A32'),
(124,'A34'),
(125,'A32'),
(126,'A34'),
(127,'A32'),
(128,'A32'),
(129,'A34'),
(130,'A34'),
(131,'A32'),
(132,'A33'),
(133,'A32'),
(134,'A32'),
(135,'A32'),
(136,'A34'),
(137,'A33'),
(138,'A32'),
(139,'A34'),
(140,'A32'),
(141,'A32'),
(142,'A32'),
(143,'A32'),
(144,'A32'),
(145,'A34'),
(146,'A31'),
(147,'A34'),
(148,'A34'),
(149,'A34'),
(150,'A34'),
(151,'A32'),
(152,'A32'),
(153,'A32'),
(154,'A34'),
(155,'A33'),
(156,'A32'),
(157,'A34'),
(158,'A31'),
(159,'A32'),
(160,'A34'),
(161,'A34'),
(162,'A34'),
(163,'A32'),
(164,'A32'),
(165,'A32'),
(166,'A32'),
(167,'A32'),
(168,'A32'),
(169,'A32'),
(170,'A34'),
(171,'A30'),
(172,'A32'),
(173,'A33'),
(174,'A32'),
(175,'A33'),
(176,'A31'),
(177,'A32'),
(178,'A34'),
(179,'A32'),
(180,'A34'),
(181,'A33'),
(182,'A33'),
(183,'A31'),
(184,'A34'),
(185,'A34'),
(186,'A34'),
(187,'A31'),
(188,'A34'),
(189,'A32'),
(190,'A30'),
(191,'A32'),
(192,'A30'),
(193,'A32'),
(194,'A32'),
(195,'A32'),
(196,'A34'),
(197,'A34'),
(198,'A32'),
(199,'A32'),
(200,'A33'),
(201,'A34'),
(202,'A32'),
(203,'A33'),
(204,'A32'),
(205,'A34'),
(206,'A34'),
(207,'A34'),
(208,'A34'),
(209,'A32'),
(210,'A32'),
(211,'A34'),
(212,'A32'),
(213,'A30'),
(214,'A33'),
(215,'A34'),
(216,'A34'),
(217,'A30'),
(218,'A32'),
(219,'A32'),
(220,'A32'),
(221,'A32'),
(222,'A32'),
(223,'A32'),
(224,'A33'),
(225,'A32'),
(226,'A30'),
(227,'A32'),
(228,'A32'),
(229,'A32'),
(230,'A32'),
(231,'A32'),
(232,'A32'),
(233,'A32'),
(234,'A32'),
(235,'A34'),
(236,'A32'),
(237,'A32'),
(238,'A32'),
(239,'A34'),
(240,'A32'),
(241,'A32'),
(242,'A32'),
(243,'A30'),
(244,'A34'),
(245,'A31'),
(246,'A32'),
(247,'A34'),
(248,'A30'),
(249,'A32'),
(250,'A32'),
(251,'A34'),
(252,'A32'),
(253,'A32'),
(254,'A33'),
(255,'A32'),
(256,'A33'),
(257,'A34'),
(258,'A31'),
(259,'A32'),
(260,'A34'),
(261,'A32'),
(262,'A32'),
(263,'A34'),
(264,'A34'),
(265,'A34'),
(266,'A32'),
(267,'A34'),
(268,'A32'),
(269,'A32'),
(270,'A32'),
(271,'A32'),
(272,'A34'),
(273,'A31'),
(274,'A32'),
(275,'A32'),
(276,'A32'),
(277,'A34'),
(278,'A32'),
(279,'A32'),
(280,'A32'),
(281,'A34'),
(282,'A32'),
(283,'A31'),
(284,'A34'),
(285,'A34'),
(286,'A32'),
(287,'A32'),
(288,'A33'),
(289,'A32'),
(290,'A33'),
(291,'A32'),
(292,'A32'),
(293,'A34'),
(294,'A34'),
(295,'A34'),
(296,'A32'),
(297,'A32'),
(298,'A32'),
(299,'A32'),
(300,'A34'),
(301,'A32'),
(302,'A30'),
(303,'A34'),
(304,'A34'),
(305,'A34'),
(306,'A32'),
(307,'A32'),
(308,'A32'),
(309,'A32'),
(310,'A32'),
(311,'A32'),
(312,'A32'),
(313,'A32'),
(314,'A32'),
(315,'A32'),
(316,'A31'),
(317,'A32'),
(318,'A32'),
(319,'A34'),
(320,'A33'),
(321,'A34'),
(322,'A32'),
(323,'A32'),
(324,'A32'),
(325,'A34'),
(326,'A34'),
(327,'A34'),
(328,'A32'),
(329,'A32'),
(330,'A32'),
(331,'A34'),
(332,'A34'),
(333,'A32'),
(334,'A34'),
(335,'A30'),
(336,'A34'),
(337,'A32'),
(338,'A32'),
(339,'A32'),
(340,'A32'),
(341,'A34'),
(342,'A32'),
(343,'A32'),
(344,'A32'),
(345,'A32'),
(346,'A34'),
(347,'A34'),
(348,'A32'),
(349,'A33'),
(350,'A34'),
(351,'A32'),
(352,'A32'),
(353,'A34'),
(354,'A30'),
(355,'A32'),
(356,'A32'),
(357,'A34'),
(358,'A33'),
(359,'A32'),
(360,'A32'),
(361,'A32'),
(362,'A32'),
(363,'A33'),
(364,'A32'),
(365,'A32'),
(366,'A32'),
(367,'A34'),
(368,'A32'),
(369,'A32'),
(370,'A32'),
(371,'A32'),
(372,'A34'),
(373,'A34'),
(374,'A34'),
(375,'A31'),
(376,'A31'),
(377,'A33'),
(378,'A33'),
(379,'A32'),
(380,'A34'),
(381,'A32'),
(382,'A32'),
(383,'A32'),
(384,'A32'),
(385,'A33'),
(386,'A34'),
(387,'A32'),
(388,'A34'),
(389,'A34'),
(390,'A32'),
(391,'A32'),
(392,'A32'),
(393,'A32'),
(394,'A34'),
(395,'A34'),
(396,'A33'),
(397,'A32'),
(398,'A34'),
(399,'A32'),
(400,'A34'),
(401,'A32'),
(402,'A34'),
(403,'A33'),
(404,'A33'),
(405,'A33'),
(406,'A32'),
(407,'A34'),
(408,'A32'),
(409,'A32'),
(410,'A34'),
(411,'A32'),
(412,'A34'),
(413,'A34'),
(414,'A32'),
(415,'A32'),
(416,'A34'),
(417,'A32'),
(418,'A33'),
(419,'A32'),
(420,'A32'),
(421,'A32'),
(422,'A32'),
(423,'A34'),
(424,'A33'),
(425,'A32'),
(426,'A32'),
(427,'A34'),
(428,'A34'),
(429,'A32'),
(430,'A34'),
(431,'A32'),
(432,'A32'),
(433,'A34'),
(434,'A34'),
(435,'A32'),
(436,'A32'),
(437,'A32'),
(438,'A34'),
(439,'A34'),
(440,'A31'),
(441,'A32'),
(442,'A32'),
(443,'A33'),
(444,'A32'),
(445,'A34'),
(446,'A34'),
(447,'A32'),
(448,'A32'),
(449,'A32'),
(450,'A33'),
(451,'A34'),
(452,'A32'),
(453,'A30'),
(454,'A32'),
(455,'A32'),
(456,'A32'),
(457,'A34'),
(458,'A32'),
(459,'A32'),
(460,'A32'),
(461,'A32'),
(462,'A32'),
(463,'A32'),
(464,'A32'),
(465,'A32'),
(466,'A32'),
(467,'A33'),
(468,'A33'),
(469,'A33'),
(470,'A33'),
(471,'A32'),
(472,'A32'),
(473,'A32'),
(474,'A32'),
(475,'A34'),
(476,'A30'),
(477,'A32'),
(478,'A32'),
(479,'A32'),
(480,'A34'),
(481,'A34'),
(482,'A32'),
(483,'A32'),
(484,'A33'),
(485,'A34'),
(486,'A33'),
(487,'A32'),
(488,'A32'),
(489,'A32'),
(490,'A32'),
(491,'A34'),
(492,'A30'),
(493,'A34'),
(494,'A32'),
(495,'A34'),
(496,'A32'),
(497,'A32'),
(498,'A34'),
(499,'A32'),
(500,'A34'),
(501,'A32'),
(502,'A32'),
(503,'A32'),
(504,'A34'),
(505,'A32'),
(506,'A32'),
(507,'A34'),
(508,'A31'),
(509,'A32'),
(510,'A32'),
(511,'A32'),
(512,'A32'),
(513,'A32'),
(514,'A33'),
(515,'A32'),
(516,'A34'),
(517,'A34'),
(518,'A34'),
(519,'A32'),
(520,'A34'),
(521,'A34'),
(522,'A32'),
(523,'A30'),
(524,'A32'),
(525,'A32'),
(526,'A32'),
(527,'A34'),
(528,'A34'),
(529,'A32'),
(530,'A32'),
(531,'A32'),
(532,'A32'),
(533,'A33'),
(534,'A32'),
(535,'A32'),
(536,'A34'),
(537,'A32'),
(538,'A34'),
(539,'A32'),
(540,'A32'),
(541,'A32'),
(542,'A33'),
(543,'A32'),
(544,'A32'),
(545,'A34'),
(546,'A33'),
(547,'A34'),
(548,'A32'),
(549,'A31'),
(550,'A34'),
(551,'A34'),
(552,'A31'),
(553,'A32'),
(554,'A34'),
(555,'A32'),
(556,'A32'),
(557,'A30'),
(558,'A30'),
(559,'A31'),
(560,'A34'),
(561,'A32'),
(562,'A31'),
(563,'A33'),
(564,'A32'),
(565,'A33'),
(566,'A33'),
(567,'A32'),
(568,'A34'),
(569,'A32'),
(570,'A32'),
(571,'A32'),
(572,'A34'),
(573,'A32'),
(574,'A32'),
(575,'A32'),
(576,'A34'),
(577,'A32'),
(578,'A34'),
(579,'A34'),
(580,'A32'),
(581,'A34'),
(582,'A34'),
(583,'A32'),
(584,'A32'),
(585,'A32'),
(586,'A32'),
(587,'A34'),
(588,'A32'),
(589,'A32'),
(590,'A34'),
(591,'A34'),
(592,'A33'),
(593,'A32'),
(594,'A32'),
(595,'A31'),
(596,'A31'),
(597,'A32'),
(598,'A30'),
(599,'A34'),
(600,'A33'),
(601,'A32'),
(602,'A32'),
(603,'A31'),
(604,'A32'),
(605,'A32'),
(606,'A31'),
(607,'A34'),
(608,'A32'),
(609,'A32'),
(610,'A32'),
(611,'A32'),
(612,'A32'),
(613,'A32'),
(614,'A31'),
(615,'A33'),
(616,'A30'),
(617,'A33'),
(618,'A34'),
(619,'A32'),
(620,'A32'),
(621,'A34'),
(622,'A34'),
(623,'A32'),
(624,'A32'),
(625,'A32'),
(626,'A32'),
(627,'A32'),
(628,'A31'),
(629,'A34'),
(630,'A32'),
(631,'A32'),
(632,'A31'),
(633,'A32'),
(634,'A32'),
(635,'A32'),
(636,'A32'),
(637,'A32'),
(638,'A33'),
(639,'A32'),
(640,'A33'),
(641,'A32'),
(642,'A32'),
(643,'A32'),
(644,'A34'),
(645,'A34'),
(646,'A33'),
(647,'A30'),
(648,'A32'),
(649,'A32'),
(650,'A32'),
(651,'A32'),
(652,'A32'),
(653,'A32'),
(654,'A33'),
(655,'A34'),
(656,'A32'),
(657,'A32'),
(658,'A32'),
(659,'A30'),
(660,'A34'),
(661,'A32'),
(662,'A32'),
(663,'A32'),
(664,'A33'),
(665,'A34'),
(666,'A34'),
(667,'A31'),
(668,'A31'),
(669,'A34'),
(670,'A34'),
(671,'A34'),
(672,'A32'),
(673,'A32'),
(674,'A34'),
(675,'A33'),
(676,'A34'),
(677,'A34'),
(678,'A32'),
(679,'A32'),
(680,'A32'),
(681,'A32'),
(682,'A32'),
(683,'A33'),
(684,'A34'),
(685,'A33'),
(686,'A32'),
(687,'A34'),
(688,'A33'),
(689,'A32'),
(690,'A32'),
(691,'A34'),
(692,'A32'),
(693,'A32'),
(694,'A34'),
(695,'A32'),
(696,'A32'),
(697,'A32'),
(698,'A34'),
(699,'A34'),
(700,'A32'),
(701,'A32'),
(702,'A34'),
(703,'A32'),
(704,'A33'),
(705,'A32'),
(706,'A32'),
(707,'A32'),
(708,'A30'),
(709,'A32'),
(710,'A32'),
(711,'A34'),
(712,'A31'),
(713,'A32'),
(714,'A34'),
(715,'A32'),
(716,'A34'),
(717,'A34'),
(718,'A32'),
(719,'A34'),
(720,'A30'),
(721,'A30'),
(722,'A31'),
(723,'A32'),
(724,'A32'),
(725,'A32'),
(726,'A34'),
(727,'A34'),
(728,'A32'),
(729,'A31'),
(730,'A34'),
(731,'A33'),
(732,'A32'),
(733,'A32'),
(734,'A32'),
(735,'A34'),
(736,'A31'),
(737,'A32'),
(738,'A32'),
(739,'A34'),
(740,'A30'),
(741,'A31'),
(742,'A31'),
(743,'A32'),
(744,'A31'),
(745,'A34'),
(746,'A34'),
(747,'A32'),
(748,'A32'),
(749,'A32'),
(750,'A32'),
(751,'A32'),
(752,'A32'),
(753,'A32'),
(754,'A34'),
(755,'A33'),
(756,'A32'),
(757,'A34'),
(758,'A34'),
(759,'A32'),
(760,'A34'),
(761,'A34'),
(762,'A34'),
(763,'A32'),
(764,'A34'),
(765,'A34'),
(766,'A32'),
(767,'A32'),
(768,'A32'),
(769,'A34'),
(770,'A34'),
(771,'A32'),
(772,'A34'),
(773,'A34'),
(774,'A34'),
(775,'A34'),
(776,'A32'),
(777,'A34'),
(778,'A32'),
(779,'A34'),
(780,'A32'),
(781,'A34'),
(782,'A34'),
(783,'A30'),
(784,'A32'),
(785,'A32'),
(786,'A32'),
(787,'A32'),
(788,'A34'),
(789,'A33'),
(790,'A34'),
(791,'A32'),
(792,'A32'),
(793,'A34'),
(794,'A32'),
(795,'A32'),
(796,'A32'),
(797,'A32'),
(798,'A34'),
(799,'A33'),
(800,'A32'),
(801,'A34'),
(802,'A34'),
(803,'A34'),
(804,'A34'),
(805,'A32'),
(806,'A32'),
(807,'A32'),
(808,'A34'),
(809,'A31'),
(810,'A30'),
(811,'A32'),
(812,'A32'),
(813,'A34'),
(814,'A32'),
(815,'A32'),
(816,'A33'),
(817,'A32'),
(818,'A34'),
(819,'A32'),
(820,'A32'),
(821,'A32'),
(822,'A32'),
(823,'A32'),
(824,'A34'),
(825,'A34'),
(826,'A34'),
(827,'A34'),
(828,'A30'),
(829,'A32'),
(830,'A33'),
(831,'A33'),
(832,'A32'),
(833,'A30'),
(834,'A32'),
(835,'A32'),
(836,'A30'),
(837,'A32'),
(838,'A32'),
(839,'A34'),
(840,'A34'),
(841,'A32'),
(842,'A33'),
(843,'A32'),
(844,'A31'),
(845,'A32'),
(846,'A32'),
(847,'A32'),
(848,'A32'),
(849,'A32'),
(850,'A32'),
(851,'A34'),
(852,'A34'),
(853,'A34'),
(854,'A31'),
(855,'A33'),
(856,'A32'),
(857,'A32'),
(858,'A34'),
(859,'A32'),
(860,'A32'),
(861,'A34'),
(862,'A33'),
(863,'A32'),
(864,'A34'),
(865,'A32'),
(866,'A32'),
(867,'A32'),
(868,'A34'),
(869,'A32'),
(870,'A32'),
(871,'A33'),
(872,'A34'),
(873,'A34'),
(874,'A32'),
(875,'A32'),
(876,'A34'),
(877,'A31'),
(878,'A32'),
(879,'A32'),
(880,'A34'),
(881,'A32'),
(882,'A32'),
(883,'A34'),
(884,'A34'),
(885,'A32'),
(886,'A32'),
(887,'A34'),
(888,'A32'),
(889,'A34'),
(890,'A31'),
(891,'A34'),
(892,'A34'),
(893,'A34'),
(894,'A34'),
(895,'A34'),
(896,'A33'),
(897,'A32'),
(898,'A34'),
(899,'A32'),
(900,'A32'),
(901,'A34'),
(902,'A34'),
(903,'A34'),
(904,'A32'),
(905,'A32'),
(906,'A32'),
(907,'A32'),
(908,'A32'),
(909,'A33'),
(910,'A32'),
(911,'A33'),
(912,'A34'),
(913,'A32'),
(914,'A32'),
(915,'A31'),
(916,'A30'),
(917,'A32'),
(918,'A32'),
(919,'A32'),
(920,'A32'),
(921,'A34'),
(922,'A33'),
(923,'A32'),
(924,'A32'),
(925,'A31'),
(926,'A31'),
(927,'A34'),
(928,'A32'),
(929,'A32'),
(930,'A33'),
(931,'A32'),
(932,'A32'),
(933,'A34'),
(934,'A34'),
(935,'A32'),
(936,'A33'),
(937,'A32'),
(938,'A32'),
(939,'A32'),
(940,'A34'),
(941,'A32'),
(942,'A32'),
(943,'A32'),
(944,'A34'),
(945,'A32'),
(946,'A30'),
(947,'A31'),
(948,'A32'),
(949,'A32'),
(950,'A32'),
(951,'A34'),
(952,'A33'),
(953,'A32'),
(954,'A32'),
(955,'A32'),
(956,'A34'),
(957,'A34'),
(958,'A34'),
(959,'A32'),
(960,'A32'),
(961,'A34'),
(962,'A33'),
(963,'A32'),
(964,'A32'),
(965,'A32'),
(966,'A32'),
(967,'A34'),
(968,'A32'),
(969,'A32'),
(970,'A34'),
(971,'A32'),
(972,'A32'),
(973,'A31'),
(974,'A32'),
(975,'A34'),
(976,'A32'),
(977,'A32'),
(978,'A33'),
(979,'A33'),
(980,'A31'),
(981,'A34'),
(982,'A32'),
(983,'A32'),
(984,'A32'),
(985,'A34'),
(986,'A34'),
(987,'A30'),
(988,'A32'),
(989,'A32'),
(990,'A34'),
(991,'A34'),
(992,'A31'),
(993,'A32'),
(994,'A32'),
(995,'A32'),
(996,'A32'),
(997,'A32'),
(998,'A32'),
(999,'A32'),
(1000,'A34');

INSERT INTO PERSON_INFO VALUES
(1,'M','A93','A173','A201','A75',67,1,0),
(2,'F','A92','A173','A201','A73',22,2,0),
(3,'M','A93','A172','A201','A74',49,3,0),
(4,'M','A93','A173','A201','A74',45,4,0),
(5,'M','A93','A173','A201','A73',53,5,0),
(6,'M','A93','A172','A201','A73',35,6,0),
(7,'M','A93','A173','A201','A75',53,7,0),
(8,'M','A93','A174','A201','A73',35,8,0),
(9,'M','A91','A172','A201','A74',61,9,0),
(10,'M','A94','A174','A201','A71',28,10,0),
(11,'F','A92','A173','A201','A72',25,11,0),
(12,'F','A92','A173','A201','A72',24,12,0),
(13,'F','A92','A173','A201','A73',22,13,0),
(14,'M','A93','A172','A201','A75',60,14,0),
(15,'F','A92','A173','A201','A73',28,15,0),
(16,'F','A92','A172','A201','A73',32,16,0),
(17,'M','A93','A173','A201','A75',53,17,0),
(18,'M','A93','A173','A201','A72',25,18,0),
(19,'F','A92','A174','A201','A75',44,19,0),
(20,'M','A93','A173','A201','A75',31,20,0),
(21,'M','A93','A173','A201','A73',48,21,0),
(22,'M','A93','A173','A201','A73',44,22,0),
(23,'M','A93','A172','A202','A72',48,23,0),
(24,'M','A93','A173','A201','A72',44,24,0),
(25,'M','A94','A173','A202','A73',26,25,0),
(26,'M','A93','A172','A201','A73',36,26,0),
(27,'M','A94','A172','A201','A75',39,27,0),
(28,'F','A92','A173','A201','A73',42,28,0),
(29,'M','A93','A173','A201','A73',34,29,0),
(30,'M','A93','A173','A201','A75',63,30,0),
(31,'M','A94','A173','A201','A72',36,31,0),
(32,'M','A93','A173','A201','A73',27,32,0),
(33,'M','A93','A173','A201','A73',30,33,0),
(34,'M','A93','A172','A201','A75',57,34,0),
(35,'F','A92','A174','A201','A72',33,35,0),
(36,'M','A93','A172','A201','A72',25,36,0),
(37,'M','A93','A173','A201','A73',31,37,0),
(38,'M','A93','A173','A201','A73',37,38,0),
(39,'M','A93','A173','A201','A73',37,39,0),
(40,'M','A93','A173','A201','A73',24,40,0),
(41,'M','A93','A174','A201','A75',30,41,0),
(42,'M','A91','A173','A201','A73',26,42,0),
(43,'M','A93','A172','A201','A73',44,43,0),
(44,'M','A94','A173','A201','A74',24,44,0),
(45,'F','A92','A172','A201','A75',58,45,0),
(46,'F','A92','A174','A201','A72',35,46,0),
(47,'M','A93','A173','A201','A75',39,47,0),
(48,'F','A92','A171','A201','A71',23,48,0),
(49,'M','A93','A172','A201','A73',39,49,0),
(50,'F','A92','A173','A201','A73',28,50,0),
(51,'M','A93','A172','A201','A72',29,51,0),
(52,'M','A93','A174','A201','A75',30,52,0),
(53,'M','A93','A173','A201','A73',25,53,0),
(54,'M','A93','A173','A201','A73',31,54,0),
(55,'M','A93','A173','A201','A75',57,55,0),
(56,'M','A93','A172','A201','A73',26,56,0),
(57,'M','A93','A174','A201','A71',52,57,0),
(58,'F','A92','A173','A201','A73',31,58,0),
(59,'F','A92','A174','A201','A75',23,59,0),
(60,'F','A92','A172','A201','A72',23,60,0),
(61,'M','A94','A173','A201','A73',27,61,0),
(62,'M','A93','A173','A201','A75',50,62,0),
(63,'M','A93','A174','A201','A75',61,63,0),
(64,'M','A93','A173','A201','A73',25,64,0),
(65,'F','A92','A173','A201','A72',26,65,0),
(66,'M','A93','A173','A201','A75',48,66,0),
(67,'F','A92','A173','A201','A72',29,67,0),
(68,'M','A94','A173','A201','A73',22,68,0),
(69,'M','A93','A173','A201','A73',37,69,0),
(70,'F','A92','A173','A201','A73',25,70,0),
(71,'F','A92','A173','A201','A73',30,71,0),
(72,'M','A93','A172','A201','A75',46,72,0),
(73,'M','A93','A174','A201','A75',51,73,0),
(74,'F','A92','A172','A201','A74',41,74,0),
(75,'M','A93','A174','A201','A75',40,75,0),
(76,'M','A93','A174','A201','A75',66,76,0),
(77,'M','A93','A173','A201','A72',34,77,0),
(78,'M','A93','A173','A201','A74',51,78,0),
(79,'M','A93','A172','A201','A73',39,79,0),
(80,'M','A94','A173','A201','A72',22,80,0),
(81,'F','A92','A173','A201','A72',44,81,0),
(82,'M','A93','A173','A201','A75',47,82,0),
(83,'F','A92','A172','A201','A73',24,83,0),
(84,'F','A92','A172','A201','A75',58,84,0),
(85,'M','A93','A172','A201','A75',52,85,0),
(86,'F','A92','A174','A201','A73',29,86,0),
(87,'F','A92','A173','A201','A72',27,87,0),
(88,'M','A93','A173','A201','A73',47,88,0),
(89,'M','A93','A174','A201','A74',30,89,0),
(90,'M','A93','A173','A201','A74',28,90,0),
(91,'M','A93','A173','A201','A75',56,91,0),
(92,'M','A93','A173','A201','A75',54,92,0),
(93,'F','A92','A172','A201','A75',33,93,0),
(94,'M','A93','A173','A201','A75',20,94,0),
(95,'M','A93','A173','A201','A75',54,95,0),
(96,'M','A93','A173','A201','A72',58,96,0),
(97,'F','A92','A173','A201','A74',61,97,0),
(98,'M','A93','A173','A201','A73',34,98,0),
(99,'M','A93','A173','A201','A75',36,99,0),
(100,'M','A93','A174','A201','A74',36,100,0),
(101,'M','A94','A172','A201','A75',41,101,0),
(102,'M','A93','A173','A201','A74',24,102,0),
(103,'F','A92','A173','A201','A73',24,103,0),
(104,'M','A93','A173','A201','A74',35,104,0),
(105,'M','A94','A173','A201','A72',26,105,0),
(106,'M','A93','A174','A201','A73',39,106,0),
(107,'M','A93','A174','A201','A75',39,107,0),
(108,'M','A93','A173','A201','A74',32,108,0),
(109,'F','A92','A173','A202','A72',30,109,0),
(110,'M','A94','A173','A201','A75',35,110,0),
(111,'M','A91','A173','A201','A75',31,111,0),
(112,'F','A92','A173','A201','A72',23,112,0),
(113,'M','A93','A172','A201','A74',28,113,0),
(114,'F','A92','A173','A201','A73',25,114,0),
(115,'M','A94','A173','A201','A75',35,115,0),
(116,'M','A93','A173','A201','A75',47,116,0),
(117,'F','A92','A174','A201','A74',30,117,0),
(118,'F','A92','A173','A202','A72',27,118,0),
(119,'F','A92','A173','A201','A73',23,119,0),
(120,'M','A91','A174','A201','A74',36,120,0),
(121,'F','A92','A173','A201','A73',25,121,0),
(122,'F','A92','A174','A201','A75',41,122,0),
(123,'M','A93','A172','A201','A73',24,123,0),
(124,'M','A93','A173','A201','A75',63,124,0),
(125,'F','A92','A173','A201','A72',27,125,0),
(126,'M','A93','A173','A201','A73',30,126,0),
(127,'M','A94','A172','A201','A73',40,127,0),
(128,'M','A93','A173','A201','A73',30,128,0),
(129,'M','A93','A174','A201','A71',34,129,0),
(130,'F','A92','A173','A201','A73',29,130,0),
(131,'F','A92','A173','A201','A74',24,131,0),
(132,'M','A93','A173','A201','A73',29,132,0),
(133,'M','A93','A172','A201','A72',27,133,0),
(134,'M','A93','A173','A201','A73',47,134,0),
(135,'F','A92','A173','A201','A74',21,135,0),
(136,'F','A92','A173','A201','A75',38,136,0),
(137,'M','A93','A173','A201','A73',27,137,0),
(138,'M','A93','A172','A201','A73',66,138,0),
(139,'M','A93','A173','A201','A74',35,139,0),
(140,'F','A92','A172','A201','A73',44,140,0),
(141,'M','A94','A171','A202','A72',27,141,0),
(142,'F','A92','A174','A201','A72',30,142,0),
(143,'M','A93','A174','A201','A73',27,143,0),
(144,'M','A93','A173','A201','A73',22,144,0),
(145,'F','A92','A173','A201','A72',23,145,0),
(146,'M','A93','A173','A201','A74',30,146,0),
(147,'F','A92','A173','A201','A75',39,147,0),
(148,'F','A92','A173','A201','A74',51,148,0),
(149,'M','A93','A173','A201','A73',28,149,0),
(150,'M','A93','A173','A201','A75',46,150,0),
(151,'M','A93','A173','A201','A75',42,151,0),
(152,'M','A93','A173','A202','A73',38,152,0),
(153,'M','A93','A173','A201','A73',24,153,0),
(154,'F','A92','A173','A201','A75',29,154,0),
(155,'M','A93','A174','A201','A74',36,155,0),
(156,'F','A92','A173','A201','A73',20,156,0),
(157,'M','A93','A173','A202','A75',48,157,0),
(158,'M','A94','A172','A201','A75',45,158,0),
(159,'M','A93','A173','A201','A74',38,159,0),
(160,'M','A93','A172','A201','A73',34,160,0),
(161,'M','A93','A173','A201','A75',36,161,0),
(162,'F','A92','A173','A201','A72',30,162,0),
(163,'M','A93','A173','A201','A74',36,163,0),
(164,'M','A93','A174','A201','A71',70,164,0),
(165,'M','A93','A173','A201','A75',36,165,0),
(166,'M','A93','A173','A201','A73',32,166,0),
(167,'F','A92','A173','A201','A71',33,167,0),
(168,'F','A92','A173','A201','A72',20,168,0),
(169,'F','A92','A173','A201','A74',25,169,0),
(170,'M','A91','A173','A201','A75',31,170,0),
(171,'M','A93','A173','A201','A75',33,171,0),
(172,'F','A92','A173','A201','A73',26,172,0),
(173,'F','A92','A174','A201','A71',34,173,0),
(174,'M','A93','A173','A202','A73',33,174,0),
(175,'M','A93','A173','A201','A72',26,175,0),
(176,'F','A92','A174','A201','A71',53,176,0),
(177,'M','A91','A173','A201','A73',42,177,0),
(178,'M','A93','A173','A201','A75',52,178,0),
(179,'M','A93','A174','A201','A74',31,179,0),
(180,'M','A93','A173','A201','A75',65,180,0),
(181,'M','A91','A173','A201','A72',28,181,0),
(182,'M','A91','A174','A201','A73',30,182,0),
(183,'M','A93','A172','A201','A73',40,183,0),
(184,'M','A93','A173','A201','A73',50,184,0),
(185,'M','A93','A173','A201','A75',36,185,0),
(186,'M','A93','A173','A201','A73',31,186,0),
(187,'F','A92','A174','A201','A75',74,187,0),
(188,'M','A93','A171','A201','A71',68,188,0),
(189,'M','A94','A173','A201','A74',20,189,0),
(190,'F','A92','A173','A201','A73',33,190,0),
(191,'M','A93','A174','A201','A73',54,191,0),
(192,'M','A93','A172','A201','A74',34,192,0),
(193,'M','A93','A173','A201','A73',36,193,0),
(194,'M','A94','A173','A201','A74',29,194,0),
(195,'M','A93','A173','A201','A73',21,195,0),
(196,'F','A92','A174','A201','A75',34,196,0),
(197,'F','A92','A173','A201','A73',28,197,0),
(198,'F','A92','A173','A201','A72',27,198,0),
(199,'M','A93','A173','A201','A75',36,199,0),
(200,'M','A91','A174','A201','A75',40,200,0),
(201,'M','A93','A173','A201','A75',52,201,0),
(202,'M','A94','A172','A201','A73',27,202,0),
(203,'M','A93','A173','A201','A74',26,203,0),
(204,'M','A94','A173','A201','A74',21,204,0),
(205,'M','A93','A172','A201','A75',38,205,0),
(206,'M','A93','A174','A201','A75',38,206,0),
(207,'M','A93','A173','A201','A75',43,207,0),
(208,'M','A93','A173','A201','A74',26,208,0),
(209,'M','A94','A172','A201','A73',21,209,0),
(210,'M','A93','A173','A202','A74',55,210,0),
(211,'M','A93','A173','A201','A73',33,211,0),
(212,'F','A92','A172','A201','A75',45,212,0),
(213,'M','A93','A173','A201','A71',50,213,0),
(214,'M','A93','A174','A201','A75',66,214,0),
(215,'M','A93','A173','A201','A75',51,215,0),
(216,'F','A92','A172','A201','A74',39,216,0),
(217,'M','A93','A173','A201','A74',31,217,0),
(218,'M','A93','A173','A201','A73',23,218,0),
(219,'M','A91','A172','A201','A73',24,219,0),
(220,'F','A92','A173','A201','A73',64,220,0),
(221,'M','A94','A172','A201','A72',26,221,0),
(222,'F','A92','A173','A201','A73',23,222,0),
(223,'M','A93','A173','A201','A73',30,223,0),
(224,'M','A93','A173','A201','A73',32,224,0),
(225,'M','A93','A173','A201','A73',30,225,0),
(226,'M','A93','A173','A201','A73',27,226,0),
(227,'M','A93','A173','A201','A74',27,227,0),
(228,'M','A93','A174','A201','A75',53,228,0),
(229,'M','A93','A173','A201','A74',22,229,0),
(230,'M','A93','A173','A201','A72',22,230,0),
(231,'M','A93','A173','A201','A73',26,231,0),
(232,'M','A93','A172','A201','A75',51,232,0),
(233,'M','A93','A173','A201','A74',35,233,0),
(234,'M','A94','A172','A201','A73',25,234,0),
(235,'M','A93','A172','A201','A74',42,235,0),
(236,'M','A93','A174','A201','A71',30,236,0),
(237,'M','A93','A171','A201','A71',23,237,0),
(238,'M','A91','A172','A201','A75',61,238,0),
(239,'F','A92','A173','A201','A73',35,239,0),
(240,'M','A93','A173','A201','A75',39,240,0),
(241,'F','A92','A173','A201','A75',29,241,0),
(242,'M','A93','A173','A201','A74',51,242,0),
(243,'M','A93','A173','A201','A75',24,243,0),
(244,'F','A92','A173','A201','A73',27,244,0),
(245,'F','A92','A172','A201','A73',35,245,0),
(246,'M','A93','A173','A201','A74',25,246,0),
(247,'M','A93','A173','A201','A75',52,247,0),
(248,'M','A93','A173','A202','A73',35,248,0),
(249,'M','A93','A173','A201','A73',26,249,0),
(250,'F','A92','A173','A201','A71',22,250,0),
(251,'F','A92','A172','A201','A74',39,251,0),
(252,'F','A92','A172','A201','A73',46,252,0),
(253,'F','A92','A173','A201','A73',24,253,0),
(254,'M','A93','A173','A201','A73',35,254,0),
(255,'M','A93','A173','A201','A74',24,255,0),
(256,'M','A93','A172','A201','A73',27,256,0),
(257,'M','A93','A172','A201','A73',35,257,0),
(258,'M','A91','A173','A201','A73',29,258,0),
(259,'F','A92','A173','A201','A72',23,259,0),
(260,'F','A92','A172','A201','A71',57,260,0),
(261,'M','A93','A173','A201','A73',27,261,0),
(262,'F','A92','A173','A201','A75',55,262,0),
(263,'M','A93','A174','A201','A75',36,263,0),
(264,'F','A92','A172','A201','A75',57,264,0),
(265,'M','A93','A172','A202','A75',32,265,0),
(266,'M','A93','A173','A201','A75',37,266,0),
(267,'M','A93','A173','A201','A75',36,267,0),
(268,'F','A92','A173','A201','A72',38,268,0),
(269,'M','A91','A174','A202','A75',45,269,0),
(270,'M','A93','A173','A201','A75',25,270,0),
(271,'M','A93','A173','A202','A74',32,271,0),
(272,'F','A92','A173','A201','A74',37,272,0),
(273,'M','A93','A174','A201','A71',36,273,0),
(274,'M','A93','A173','A201','A74',28,274,0),
(275,'M','A91','A172','A201','A72',34,275,0),
(276,'M','A93','A173','A201','A73',32,276,0),
(277,'F','A92','A173','A201','A73',26,277,0),
(278,'M','A91','A172','A201','A75',49,278,0),
(279,'F','A92','A173','A201','A72',32,279,0),
(280,'M','A93','A174','A201','A73',29,280,0),
(281,'M','A93','A173','A201','A75',23,281,0),
(282,'M','A93','A173','A201','A73',50,282,0),
(283,'M','A93','A172','A201','A74',49,283,0),
(284,'M','A93','A173','A201','A75',63,284,0),
(285,'M','A91','A173','A201','A72',37,285,0),
(286,'F','A92','A172','A201','A72',35,286,0),
(287,'M','A93','A173','A201','A74',26,287,0),
(288,'M','A93','A174','A201','A71',31,288,0),
(289,'F','A92','A173','A201','A73',49,289,0),
(290,'M','A94','A173','A201','A72',48,290,0),
(291,'M','A94','A173','A202','A73',26,291,0),
(292,'M','A94','A174','A201','A72',28,292,0),
(293,'F','A92','A174','A201','A75',44,293,0),
(294,'M','A93','A173','A201','A75',56,294,0),
(295,'M','A91','A174','A201','A75',46,295,0),
(296,'F','A92','A173','A201','A72',26,296,0),
(297,'F','A92','A173','A201','A72',20,297,0),
(298,'M','A93','A172','A202','A75',45,298,0),
(299,'M','A93','A173','A201','A73',43,299,0),
(300,'M','A93','A173','A201','A74',32,300,0),
(301,'F','A92','A171','A201','A71',54,301,0),
(302,'F','A92','A173','A201','A73',42,302,0),
(303,'M','A93','A172','A201','A74',37,303,0),
(304,'M','A93','A173','A201','A74',49,304,0),
(305,'M','A93','A173','A201','A73',44,305,0),
(306,'M','A91','A173','A201','A73',33,306,0),
(307,'F','A92','A172','A201','A74',24,307,0),
(308,'M','A94','A172','A201','A72',33,308,0),
(309,'F','A92','A173','A201','A73',24,309,0),
(310,'M','A94','A172','A201','A73',22,310,0),
(311,'M','A93','A171','A201','A71',40,311,0),
(312,'M','A93','A173','A201','A73',25,312,0),
(313,'F','A92','A173','A201','A72',26,313,0),
(314,'M','A94','A172','A201','A74',25,314,0),
(315,'M','A93','A172','A202','A72',29,315,0),
(316,'M','A93','A173','A201','A75',31,316,0),
(317,'M','A93','A172','A201','A73',38,317,0),
(318,'F','A92','A172','A201','A73',48,318,0),
(319,'M','A93','A173','A201','A73',32,319,0),
(320,'F','A92','A172','A201','A75',27,320,0),
(321,'M','A94','A174','A201','A71',28,321,0),
(322,'M','A91','A173','A201','A72',32,322,0),
(323,'M','A93','A174','A201','A74',34,323,0),
(324,'M','A93','A173','A201','A73',28,324,0),
(325,'F','A92','A173','A201','A73',36,325,0),
(326,'M','A93','A172','A202','A74',39,326,0),
(327,'M','A93','A173','A201','A75',49,327,0),
(328,'F','A92','A173','A201','A74',34,328,0),
(329,'M','A93','A173','A201','A75',31,329,0),
(330,'M','A93','A173','A201','A75',28,330,0),
(331,'M','A93','A174','A201','A71',75,331,0),
(332,'F','A92','A173','A201','A73',30,332,0),
(333,'F','A92','A174','A201','A72',24,333,0),
(334,'F','A92','A172','A201','A73',24,334,0),
(335,'M','A93','A173','A201','A75',23,335,0),
(336,'M','A91','A174','A201','A73',44,336,0),
(337,'F','A92','A172','A201','A72',23,337,0),
(338,'F','A92','A173','A201','A73',24,338,0),
(339,'M','A93','A173','A201','A73',28,339,0),
(340,'M','A91','A172','A201','A73',31,340,0),
(341,'F','A92','A173','A201','A72',24,341,0),
(342,'F','A92','A172','A201','A74',26,342,0),
(343,'M','A94','A173','A201','A72',25,343,0),
(344,'M','A93','A174','A201','A75',33,344,0),
(345,'M','A93','A172','A201','A72',37,345,0),
(346,'F','A92','A172','A201','A73',43,346,0),
(347,'M','A93','A173','A201','A72',23,347,0),
(348,'F','A92','A171','A201','A71',23,348,0),
(349,'M','A93','A172','A201','A73',34,349,0),
(350,'M','A93','A173','A201','A75',32,350,0),
(351,'F','A92','A173','A201','A72',23,351,0),
(352,'F','A92','A173','A202','A73',29,352,0),
(353,'M','A93','A174','A201','A71',38,353,0),
(354,'M','A93','A173','A201','A73',28,354,0),
(355,'M','A93','A173','A201','A75',46,355,0),
(356,'M','A93','A172','A201','A72',23,356,0),
(357,'M','A93','A173','A201','A75',49,357,0),
(358,'M','A93','A174','A201','A73',26,358,0),
(359,'M','A94','A173','A201','A73',28,359,0),
(360,'F','A92','A173','A201','A74',23,360,0),
(361,'M','A93','A173','A201','A73',61,361,0),
(362,'M','A93','A174','A201','A75',37,362,0),
(363,'F','A92','A173','A201','A73',36,363,0),
(364,'M','A94','A173','A201','A73',21,364,0),
(365,'M','A93','A171','A201','A71',25,365,0),
(366,'M','A93','A173','A201','A74',36,366,0),
(367,'M','A93','A173','A201','A74',27,367,0),
(368,'F','A92','A173','A201','A72',22,368,0),
(369,'M','A93','A173','A201','A75',42,369,0),
(370,'F','A92','A173','A201','A74',40,370,0),
(371,'M','A93','A173','A201','A73',36,371,0),
(372,'M','A93','A173','A201','A75',33,372,0),
(373,'F','A92','A173','A201','A72',23,373,0),
(374,'M','A93','A174','A201','A75',63,374,0),
(375,'F','A92','A174','A201','A75',60,375,0),
(376,'F','A92','A173','A201','A74',37,376,0),
(377,'M','A94','A173','A201','A71',34,377,0),
(378,'M','A93','A173','A201','A75',36,378,0),
(379,'M','A93','A174','A201','A75',57,379,0),
(380,'F','A92','A172','A201','A73',52,380,0),
(381,'M','A93','A173','A201','A74',39,381,0),
(382,'F','A92','A174','A201','A71',38,382,0),
(383,'F','A92','A173','A201','A74',25,383,0),
(384,'M','A93','A173','A201','A72',26,384,0),
(385,'M','A93','A172','A201','A73',26,385,0),
(386,'F','A92','A173','A201','A73',25,386,0),
(387,'F','A92','A173','A201','A72',21,387,0),
(388,'M','A93','A174','A201','A71',40,388,0),
(389,'M','A93','A173','A201','A73',27,389,0),
(390,'F','A92','A173','A201','A74',27,390,0),
(391,'M','A94','A174','A201','A73',30,391,0),
(392,'F','A92','A172','A201','A72',19,392,0),
(393,'M','A93','A174','A201','A74',39,393,0),
(394,'F','A92','A173','A201','A74',31,394,0),
(395,'M','A93','A174','A201','A71',31,395,0),
(396,'M','A93','A173','A201','A74',32,396,0),
(397,'F','A92','A174','A201','A71',55,397,0),
(398,'M','A94','A173','A201','A73',46,398,0),
(399,'M','A91','A173','A201','A75',46,399,0),
(400,'F','A92','A172','A201','A73',43,400,0),
(401,'M','A94','A173','A201','A72',39,401,0),
(402,'M','A94','A173','A201','A73',28,402,0),
(403,'M','A93','A173','A201','A72',27,403,0),
(404,'M','A93','A172','A201','A73',27,404,0),
(405,'M','A93','A173','A201','A75',43,405,0),
(406,'M','A94','A173','A201','A72',22,406,0),
(407,'M','A93','A173','A201','A74',43,407,0),
(408,'M','A94','A173','A202','A72',27,408,0),
(409,'M','A91','A174','A201','A75',26,409,0),
(410,'M','A94','A173','A201','A74',28,410,0),
(411,'F','A92','A173','A201','A75',20,411,0),
(412,'M','A93','A174','A201','A74',35,412,0),
(413,'M','A93','A174','A201','A71',42,413,0),
(414,'M','A93','A172','A202','A73',40,414,0),
(415,'F','A92','A173','A201','A73',35,415,0),
(416,'M','A93','A173','A201','A75',35,416,0),
(417,'M','A93','A172','A201','A72',33,417,0),
(418,'F','A92','A173','A201','A73',23,418,0),
(419,'F','A92','A174','A201','A74',31,419,0),
(420,'F','A92','A173','A201','A73',33,420,0),
(421,'F','A92','A173','A201','A74',20,421,0),
(422,'M','A93','A173','A201','A73',30,422,0),
(423,'M','A93','A172','A201','A74',47,423,0),
(424,'M','A93','A174','A201','A74',34,424,0),
(425,'F','A92','A173','A201','A75',25,425,0),
(426,'M','A94','A173','A201','A73',21,426,0),
(427,'M','A93','A173','A201','A75',29,427,0),
(428,'M','A93','A173','A201','A73',46,428,0),
(429,'M','A93','A173','A201','A75',20,429,0),
(430,'F','A92','A171','A201','A71',55,430,0),
(431,'M','A93','A172','A201','A74',74,431,0),
(432,'M','A93','A174','A201','A73',29,432,0),
(433,'M','A93','A174','A201','A71',36,433,0),
(434,'M','A91','A173','A201','A73',33,434,0),
(435,'M','A93','A173','A201','A73',25,435,0),
(436,'M','A94','A173','A201','A73',25,436,0),
(437,'M','A94','A172','A201','A74',23,437,0),
(438,'F','A92','A173','A201','A75',37,438,0),
(439,'M','A93','A171','A201','A71',65,439,0),
(440,'F','A92','A171','A201','A72',26,440,0),
(441,'M','A93','A174','A201','A75',39,441,0),
(442,'F','A92','A173','A201','A73',30,442,0),
(443,'M','A93','A173','A201','A73',29,443,0),
(444,'M','A93','A172','A201','A75',41,444,0),
(445,'F','A92','A174','A201','A73',30,445,0),
(446,'F','A92','A172','A201','A75',41,446,0),
(447,'F','A92','A173','A201','A72',34,447,0),
(448,'M','A93','A173','A201','A73',35,448,0),
(449,'F','A92','A174','A201','A75',55,449,0),
(450,'M','A94','A173','A201','A73',61,450,0),
(451,'M','A93','A174','A201','A73',30,451,0),
(452,'F','A92','A173','A201','A73',29,452,0),
(453,'M','A93','A173','A201','A75',34,453,0),
(454,'M','A93','A174','A201','A75',35,454,0),
(455,'M','A93','A173','A201','A74',31,455,0),
(456,'F','A92','A174','A201','A72',29,456,0),
(457,'M','A93','A173','A201','A73',36,457,0),
(458,'M','A93','A173','A201','A75',35,458,0),
(459,'F','A92','A173','A201','A72',27,459,0),
(460,'M','A93','A173','A201','A72',32,460,0),
(461,'M','A93','A173','A201','A73',37,461,0),
(462,'M','A93','A173','A201','A72',36,462,0),
(463,'F','A92','A174','A201','A72',34,463,0),
(464,'M','A93','A173','A201','A75',38,464,0),
(465,'M','A93','A173','A201','A74',34,465,0),
(466,'M','A93','A173','A201','A73',63,466,0),
(467,'F','A92','A172','A201','A72',29,467,0),
(468,'M','A93','A173','A201','A75',32,468,0),
(469,'F','A92','A173','A201','A73',26,469,0),
(470,'M','A93','A172','A201','A74',35,470,0),
(471,'M','A94','A173','A201','A72',22,471,0),
(472,'F','A92','A173','A201','A72',23,472,0),
(473,'M','A93','A172','A201','A73',28,473,0),
(474,'M','A93','A174','A201','A71',36,474,0),
(475,'M','A94','A173','A201','A73',33,475,0),
(476,'F','A92','A173','A201','A72',26,476,0),
(477,'M','A93','A173','A201','A73',24,477,0),
(478,'M','A93','A173','A201','A74',25,478,0),
(479,'M','A93','A172','A201','A74',39,479,0),
(480,'M','A93','A173','A201','A75',44,480,0),
(481,'F','A92','A172','A201','A73',23,481,0),
(482,'M','A93','A173','A201','A72',26,482,0),
(483,'F','A92','A173','A201','A75',57,483,0),
(484,'F','A92','A173','A201','A74',30,484,0),
(485,'M','A93','A173','A201','A73',44,485,0),
(486,'M','A93','A174','A201','A71',47,486,0),
(487,'M','A93','A173','A201','A73',52,487,0),
(488,'F','A92','A173','A201','A75',62,488,0),
(489,'M','A93','A172','A202','A73',35,489,0),
(490,'M','A93','A173','A201','A73',26,490,0),
(491,'M','A93','A173','A201','A75',26,491,0),
(492,'F','A92','A174','A201','A75',42,492,0),
(493,'F','A92','A173','A201','A73',27,493,0),
(494,'M','A93','A173','A201','A75',38,494,0),
(495,'M','A93','A172','A202','A73',39,495,0),
(496,'M','A94','A173','A201','A73',20,496,0),
(497,'M','A93','A174','A201','A72',29,497,0),
(498,'M','A93','A173','A201','A74',40,498,0),
(499,'M','A94','A172','A201','A75',32,499,0),
(500,'M','A91','A173','A201','A75',28,500,0),
(501,'F','A92','A173','A201','A72',27,501,0),
(502,'M','A93','A173','A201','A75',42,502,0),
(503,'M','A91','A173','A201','A75',49,503,0),
(504,'M','A93','A173','A201','A72',38,504,0),
(505,'F','A92','A173','A201','A72',24,505,0),
(506,'M','A93','A172','A201','A73',27,506,0),
(507,'M','A93','A173','A201','A73',36,507,0),
(508,'M','A93','A174','A201','A71',34,508,0),
(509,'M','A94','A173','A201','A73',28,509,0),
(510,'M','A93','A174','A201','A75',45,510,0),
(511,'M','A93','A173','A201','A74',26,511,0),
(512,'M','A93','A174','A201','A73',32,512,0),
(513,'M','A93','A173','A201','A74',26,513,0),
(514,'M','A94','A173','A201','A73',20,514,0),
(515,'M','A93','A173','A201','A72',54,515,0),
(516,'F','A92','A173','A202','A74',37,516,0),
(517,'M','A93','A172','A202','A72',40,517,0),
(518,'F','A92','A173','A201','A72',23,518,0),
(519,'M','A93','A173','A201','A75',43,519,0),
(520,'M','A93','A173','A201','A75',36,520,0),
(521,'M','A93','A173','A201','A75',44,521,0),
(522,'F','A92','A173','A201','A73',24,522,0),
(523,'M','A93','A173','A201','A73',53,523,0),
(524,'F','A92','A173','A201','A74',23,524,0),
(525,'F','A92','A172','A201','A73',26,525,0),
(526,'M','A93','A173','A201','A72',30,526,0),
(527,'F','A92','A173','A201','A73',31,527,0),
(528,'M','A93','A172','A201','A74',42,528,0),
(529,'M','A91','A173','A201','A73',31,529,0),
(530,'M','A93','A172','A201','A72',41,530,0),
(531,'M','A93','A173','A201','A74',32,531,0),
(532,'F','A92','A173','A201','A73',28,532,0),
(533,'M','A94','A173','A201','A73',41,533,0),
(534,'M','A94','A173','A201','A74',26,534,0),
(535,'M','A93','A173','A201','A72',25,535,0),
(536,'M','A91','A173','A201','A72',33,536,0),
(537,'F','A92','A174','A201','A71',75,537,0),
(538,'F','A92','A173','A201','A75',37,538,0),
(539,'M','A93','A174','A201','A75',42,539,0),
(540,'F','A92','A172','A201','A72',45,540,0),
(541,'M','A94','A173','A201','A72',23,541,0),
(542,'M','A93','A173','A201','A75',60,542,0),
(543,'M','A93','A173','A201','A75',31,543,0),
(544,'M','A93','A172','A201','A73',34,544,0),
(545,'M','A93','A172','A201','A75',61,545,0),
(546,'M','A93','A173','A201','A71',43,546,0),
(547,'F','A92','A173','A201','A73',37,547,0),
(548,'M','A93','A173','A201','A74',32,548,0),
(549,'F','A92','A172','A201','A73',24,549,0),
(550,'M','A93','A173','A201','A74',35,550,0),
(551,'F','A92','A173','A201','A74',23,551,0),
(552,'M','A93','A172','A201','A75',45,552,0),
(553,'M','A94','A173','A201','A74',34,553,0),
(554,'M','A93','A173','A201','A72',27,554,0),
(555,'F','A92','A174','A201','A74',67,555,0),
(556,'M','A93','A173','A201','A72',22,556,0),
(557,'F','A92','A173','A201','A72',28,557,0),
(558,'F','A92','A173','A201','A73',29,558,0),
(559,'M','A93','A173','A201','A74',27,559,0),
(560,'M','A93','A172','A201','A72',31,560,0),
(561,'M','A93','A173','A201','A75',49,561,0),
(562,'M','A93','A172','A201','A74',24,562,0),
(563,'F','A92','A173','A201','A72',29,563,0),
(564,'M','A93','A173','A201','A73',37,564,0),
(565,'M','A93','A174','A201','A73',37,565,0),
(566,'F','A92','A173','A201','A74',23,566,0),
(567,'M','A91','A173','A201','A74',36,567,0),
(568,'M','A93','A173','A201','A75',34,568,0),
(569,'M','A93','A173','A201','A74',41,569,0),
(570,'F','A92','A173','A201','A73',31,570,0),
(571,'F','A92','A172','A201','A72',23,571,0),
(572,'M','A93','A173','A201','A74',38,572,0),
(573,'F','A92','A174','A201','A71',26,573,0),
(574,'F','A92','A172','A201','A73',22,574,0),
(575,'M','A93','A172','A201','A75',27,575,0),
(576,'F','A92','A173','A201','A74',24,576,0),
(577,'F','A92','A173','A201','A74',27,577,0),
(578,'F','A92','A173','A201','A73',33,578,0),
(579,'M','A91','A173','A201','A72',27,579,0),
(580,'M','A94','A172','A201','A72',27,580,0),
(581,'M','A93','A173','A201','A75',30,581,0),
(582,'M','A93','A172','A201','A72',49,582,0),
(583,'F','A92','A173','A201','A73',26,583,0),
(584,'M','A93','A172','A201','A72',33,584,0),
(585,'F','A92','A174','A201','A75',52,585,0),
(586,'F','A92','A173','A201','A73',20,586,0),
(587,'M','A93','A173','A201','A73',36,587,0),
(588,'M','A93','A172','A201','A73',21,588,0),
(589,'M','A94','A172','A201','A73',47,589,0),
(590,'M','A93','A173','A201','A75',60,590,0),
(591,'F','A92','A172','A201','A74',58,591,0),
(592,'F','A92','A173','A201','A73',42,592,0),
(593,'F','A92','A172','A201','A75',36,593,0),
(594,'F','A92','A172','A201','A73',20,594,0),
(595,'M','A93','A174','A201','A75',40,595,0),
(596,'F','A92','A172','A201','A72',32,596,0),
(597,'F','A92','A173','A201','A74',23,597,0),
(598,'M','A93','A172','A201','A73',36,598,0),
(599,'M','A93','A173','A201','A74',31,599,0),
(600,'M','A93','A173','A201','A73',32,600,0),
(601,'F','A92','A173','A201','A72',45,601,0),
(602,'F','A92','A173','A201','A73',30,602,0),
(603,'F','A92','A172','A201','A74',34,603,0),
(604,'F','A92','A174','A201','A73',28,604,0),
(605,'F','A92','A173','A201','A72',23,605,0),
(606,'M','A93','A173','A201','A73',22,606,0),
(607,'M','A93','A174','A201','A73',74,607,0),
(608,'F','A92','A173','A201','A73',50,608,0),
(609,'M','A93','A173','A201','A72',33,609,0),
(610,'M','A93','A173','A201','A75',45,610,0),
(611,'F','A92','A173','A201','A71',22,611,0),
(612,'F','A92','A172','A201','A75',48,612,0),
(613,'F','A92','A173','A201','A72',29,613,0),
(614,'F','A92','A173','A202','A73',22,614,0),
(615,'F','A92','A173','A201','A74',22,615,0),
(616,'M','A93','A174','A201','A73',48,616,0),
(617,'M','A93','A174','A201','A73',27,617,0),
(618,'M','A93','A173','A201','A73',37,618,0),
(619,'F','A92','A173','A201','A73',21,619,0),
(620,'M','A91','A172','A201','A73',49,620,0),
(621,'M','A93','A173','A201','A74',27,621,0),
(622,'M','A93','A173','A201','A73',32,622,0),
(623,'M','A91','A173','A201','A73',38,623,0),
(624,'F','A92','A173','A201','A72',22,624,0),
(625,'M','A93','A173','A201','A73',65,625,0),
(626,'M','A93','A173','A201','A75',35,626,0),
(627,'M','A93','A173','A201','A73',41,627,0),
(628,'M','A93','A173','A201','A74',29,628,0),
(629,'M','A93','A173','A201','A73',36,629,0),
(630,'M','A93','A172','A201','A75',64,630,0),
(631,'F','A92','A173','A201','A73',28,631,0),
(632,'M','A93','A173','A201','A73',44,632,0),
(633,'M','A93','A173','A201','A72',23,633,0),
(634,'F','A92','A173','A201','A72',19,634,0),
(635,'F','A92','A172','A201','A72',25,635,0),
(636,'M','A93','A173','A201','A75',47,636,0),
(637,'F','A92','A173','A201','A74',28,637,0),
(638,'M','A93','A173','A201','A74',21,638,0),
(639,'F','A92','A173','A201','A72',34,639,0),
(640,'M','A93','A173','A201','A74',26,640,0),
(641,'F','A92','A171','A201','A71',27,641,0),
(642,'M','A93','A172','A201','A75',38,642,0),
(643,'M','A93','A174','A201','A73',40,643,0),
(644,'M','A94','A173','A201','A74',33,644,0),
(645,'M','A94','A174','A201','A74',32,645,0),
(646,'M','A93','A173','A201','A72',27,646,0),
(647,'M','A91','A173','A201','A73',32,647,0),
(648,'F','A92','A173','A201','A73',26,648,0),
(649,'M','A93','A173','A201','A74',38,649,0),
(650,'M','A93','A172','A201','A73',40,650,0),
(651,'M','A93','A174','A201','A74',50,651,0),
(652,'M','A93','A172','A201','A73',37,652,0),
(653,'M','A93','A173','A201','A75',45,653,0),
(654,'M','A93','A174','A201','A75',42,654,0),
(655,'M','A93','A173','A201','A74',35,655,0),
(656,'M','A93','A173','A201','A71',22,656,0),
(657,'M','A93','A172','A201','A75',41,657,0),
(658,'M','A93','A173','A201','A74',37,658,0),
(659,'F','A92','A173','A201','A73',28,659,0),
(660,'M','A93','A173','A201','A75',41,660,0),
(661,'M','A94','A173','A201','A73',23,661,0),
(662,'M','A94','A173','A201','A73',23,662,0),
(663,'M','A93','A173','A201','A75',50,663,0),
(664,'M','A93','A174','A201','A71',35,664,0),
(665,'F','A92','A172','A201','A73',50,665,0),
(666,'M','A93','A174','A201','A71',27,666,0),
(667,'M','A93','A173','A201','A73',34,667,0),
(668,'F','A92','A173','A201','A73',27,668,0),
(669,'M','A93','A173','A201','A75',43,669,0),
(670,'M','A93','A173','A201','A75',47,670,0),
(671,'M','A93','A172','A201','A73',27,671,0),
(672,'M','A93','A173','A201','A74',31,672,0),
(673,'M','A93','A174','A201','A75',42,673,0),
(674,'M','A94','A173','A201','A73',24,674,0),
(675,'M','A93','A172','A201','A72',41,675,0),
(676,'F','A92','A174','A201','A74',26,676,0),
(677,'M','A93','A173','A201','A75',33,677,0),
(678,'M','A94','A173','A201','A73',24,678,0),
(679,'M','A93','A172','A201','A75',64,679,0),
(680,'F','A92','A173','A201','A72',26,680,0),
(681,'F','A92','A173','A201','A72',56,681,0),
(682,'M','A93','A173','A201','A73',37,682,0),
(683,'M','A94','A173','A201','A73',33,683,0),
(684,'M','A94','A173','A201','A72',47,684,0),
(685,'M','A93','A172','A201','A74',31,685,0),
(686,'M','A93','A173','A201','A73',34,686,0),
(687,'M','A93','A173','A201','A74',27,687,0),
(688,'M','A93','A173','A201','A75',30,688,0),
(689,'M','A93','A173','A201','A75',35,689,0),
(690,'M','A93','A173','A201','A73',31,690,0),
(691,'M','A91','A173','A201','A73',25,691,0),
(692,'F','A92','A172','A201','A73',25,692,0),
(693,'M','A93','A173','A201','A72',29,693,0),
(694,'M','A93','A172','A201','A72',44,694,0),
(695,'M','A93','A173','A201','A74',28,695,0),
(696,'M','A93','A173','A201','A73',50,696,0),
(697,'M','A93','A173','A202','A74',29,697,0),
(698,'F','A92','A171','A201','A71',38,698,0),
(699,'M','A93','A173','A201','A73',24,699,0),
(700,'M','A93','A174','A201','A75',40,700,0),
(701,'F','A92','A172','A201','A73',29,701,0),
(702,'M','A93','A173','A201','A75',46,702,0),
(703,'F','A92','A173','A201','A75',47,703,0),
(704,'M','A93','A173','A201','A75',41,704,0),
(705,'F','A92','A173','A201','A72',32,705,0),
(706,'F','A92','A173','A201','A75',35,706,0),
(707,'M','A93','A173','A201','A74',24,707,0),
(708,'F','A92','A173','A201','A72',25,708,0),
(709,'F','A92','A173','A201','A75',25,709,0),
(710,'M','A93','A172','A201','A73',37,710,0),
(711,'M','A93','A174','A201','A75',32,711,0),
(712,'F','A92','A173','A201','A75',35,712,0),
(713,'M','A93','A174','A201','A75',46,713,0),
(714,'M','A93','A172','A201','A73',25,714,0),
(715,'M','A93','A174','A201','A74',27,715,0),
(716,'M','A93','A173','A201','A75',63,716,0),
(717,'M','A93','A173','A201','A75',40,717,0),
(718,'M','A93','A174','A201','A73',32,718,0),
(719,'M','A93','A173','A201','A73',31,719,0),
(720,'M','A94','A173','A201','A75',31,720,0),
(721,'M','A93','A174','A201','A72',34,721,0),
(722,'F','A92','A173','A201','A72',24,722,0),
(723,'F','A92','A172','A201','A73',24,723,0),
(724,'F','A92','A172','A201','A73',66,724,0),
(725,'F','A92','A173','A201','A73',21,725,0),
(726,'F','A92','A172','A201','A73',41,726,0),
(727,'M','A94','A172','A201','A73',47,727,0),
(728,'F','A92','A173','A201','A73',25,728,0),
(729,'F','A92','A173','A201','A75',59,729,0),
(730,'M','A91','A173','A201','A73',36,730,0),
(731,'M','A93','A173','A201','A72',33,731,0),
(732,'M','A93','A172','A201','A73',21,732,0),
(733,'F','A92','A172','A201','A74',44,733,0),
(734,'F','A92','A173','A201','A73',28,734,0),
(735,'F','A92','A173','A201','A74',37,735,0),
(736,'F','A92','A171','A201','A72',29,736,0),
(737,'F','A92','A174','A201','A73',23,737,0),
(738,'M','A93','A172','A201','A73',35,738,0),
(739,'M','A93','A174','A201','A74',45,739,0),
(740,'F','A92','A172','A201','A73',26,740,0),
(741,'M','A93','A173','A201','A74',32,741,0),
(742,'M','A93','A172','A201','A73',23,742,0),
(743,'M','A93','A173','A201','A75',41,743,0),
(744,'M','A93','A173','A201','A73',22,744,0),
(745,'M','A93','A174','A201','A74',30,745,0),
(746,'M','A93','A172','A201','A72',28,746,0),
(747,'F','A92','A173','A201','A71',23,747,0),
(748,'F','A92','A172','A201','A72',37,748,0),
(749,'M','A93','A173','A201','A73',26,749,0),
(750,'M','A93','A173','A201','A74',33,750,0),
(751,'F','A92','A173','A201','A75',49,751,0),
(752,'F','A92','A172','A201','A72',23,752,0),
(753,'F','A92','A172','A201','A74',23,753,0),
(754,'F','A92','A173','A201','A74',25,754,0),
(755,'M','A93','A173','A201','A75',55,755,0),
(756,'F','A92','A173','A201','A74',32,756,0),
(757,'M','A93','A171','A202','A73',74,757,0),
(758,'M','A93','A173','A201','A73',39,758,0),
(759,'M','A93','A173','A201','A73',31,759,0),
(760,'M','A93','A173','A201','A75',35,760,0),
(761,'F','A92','A173','A201','A75',59,761,0),
(762,'F','A92','A173','A201','A73',24,762,0),
(763,'M','A93','A172','A201','A73',24,763,0),
(764,'M','A93','A174','A201','A75',30,764,0),
(765,'M','A94','A173','A201','A74',27,765,0),
(766,'M','A94','A172','A201','A75',40,766,0),
(767,'M','A91','A172','A201','A72',31,767,0),
(768,'F','A92','A173','A201','A72',31,768,0),
(769,'M','A93','A173','A201','A75',28,769,0),
(770,'M','A93','A172','A201','A75',63,770,0),
(771,'F','A92','A173','A201','A75',26,771,0),
(772,'F','A92','A174','A201','A73',25,772,0),
(773,'M','A93','A174','A201','A75',36,773,0),
(774,'M','A93','A173','A201','A75',52,774,0),
(775,'M','A93','A171','A201','A71',66,775,0),
(776,'F','A92','A173','A201','A73',25,776,0),
(777,'M','A93','A173','A201','A74',37,777,0),
(778,'F','A92','A173','A201','A74',25,778,0),
(779,'M','A93','A174','A201','A75',38,779,0),
(780,'F','A92','A173','A201','A71',67,780,0),
(781,'M','A93','A173','A201','A74',25,781,0),
(782,'M','A93','A173','A201','A75',60,782,0),
(783,'M','A93','A172','A201','A73',31,783,0),
(784,'F','A92','A172','A201','A72',23,784,0),
(785,'M','A91','A174','A201','A71',60,785,0),
(786,'M','A93','A172','A201','A73',35,786,0),
(787,'M','A93','A173','A201','A75',40,787,0),
(788,'M','A93','A173','A201','A75',38,788,0),
(789,'M','A93','A173','A201','A75',50,789,0),
(790,'M','A93','A173','A201','A73',27,790,0),
(791,'F','A92','A173','A201','A75',39,791,0),
(792,'M','A93','A174','A201','A75',41,792,0),
(793,'M','A94','A173','A201','A73',27,793,0),
(794,'M','A91','A173','A201','A75',51,794,0),
(795,'M','A93','A173','A201','A75',32,795,0),
(796,'F','A92','A173','A201','A72',22,796,0),
(797,'M','A93','A173','A201','A75',51,797,0),
(798,'F','A92','A172','A201','A72',22,798,0),
(799,'M','A94','A173','A201','A75',54,799,0),
(800,'M','A93','A171','A201','A72',35,800,0),
(801,'M','A93','A173','A201','A75',54,801,0),
(802,'F','A92','A172','A201','A75',48,802,0),
(803,'F','A92','A173','A201','A75',24,803,0),
(804,'M','A93','A173','A201','A75',35,804,0),
(805,'F','A92','A171','A201','A71',24,805,0),
(806,'M','A93','A173','A201','A74',24,806,0),
(807,'M','A94','A172','A202','A72',26,807,0),
(808,'M','A93','A173','A201','A75',65,808,0),
(809,'M','A93','A174','A201','A71',55,809,0),
(810,'F','A92','A171','A201','A72',26,810,0),
(811,'M','A94','A173','A201','A72',26,811,0),
(812,'M','A94','A172','A201','A74',28,812,0),
(813,'M','A93','A173','A201','A74',24,813,0),
(814,'M','A93','A173','A201','A73',54,814,0),
(815,'M','A93','A173','A201','A74',46,815,0),
(816,'F','A92','A173','A201','A73',54,816,0),
(817,'M','A91','A173','A201','A73',62,817,0),
(818,'F','A92','A173','A201','A74',24,818,0),
(819,'M','A91','A174','A201','A71',43,819,0),
(820,'M','A94','A173','A201','A73',26,820,0),
(821,'M','A94','A173','A201','A73',27,821,0),
(822,'M','A94','A173','A201','A73',24,822,0),
(823,'M','A93','A173','A201','A75',41,823,0),
(824,'M','A93','A172','A201','A75',47,824,0),
(825,'M','A91','A174','A201','A72',35,825,0),
(826,'M','A94','A173','A201','A75',30,826,0),
(827,'F','A92','A173','A201','A75',33,827,0),
(828,'M','A93','A173','A201','A73',36,828,0),
(829,'M','A93','A173','A201','A75',47,829,0),
(830,'M','A93','A173','A201','A73',38,830,0),
(831,'M','A93','A173','A201','A73',44,831,0),
(832,'F','A92','A173','A201','A72',23,832,0),
(833,'M','A93','A173','A201','A75',29,833,0),
(834,'F','A92','A173','A201','A75',42,834,0),
(835,'F','A92','A172','A201','A72',25,835,0),
(836,'M','A93','A173','A201','A73',48,836,0),
(837,'F','A92','A173','A201','A73',21,837,0),
(838,'F','A92','A172','A201','A72',23,838,0),
(839,'M','A93','A173','A201','A75',63,839,0),
(840,'M','A94','A173','A201','A75',46,840,0),
(841,'M','A93','A173','A201','A74',29,841,0),
(842,'M','A93','A172','A201','A73',28,842,0),
(843,'F','A92','A173','A201','A72',23,843,0),
(844,'M','A93','A173','A201','A74',50,844,0),
(845,'M','A93','A173','A201','A75',47,845,0),
(846,'M','A93','A173','A201','A74',35,846,0),
(847,'M','A93','A173','A201','A73',68,847,0),
(848,'M','A94','A173','A201','A72',28,848,0),
(849,'M','A93','A173','A201','A74',59,849,0),
(850,'M','A93','A172','A201','A75',57,850,0),
(851,'M','A94','A173','A202','A73',33,851,0),
(852,'M','A93','A173','A201','A74',43,852,0),
(853,'M','A93','A173','A201','A73',35,853,0),
(854,'M','A93','A172','A201','A74',32,854,0),
(855,'M','A93','A173','A201','A75',45,855,0),
(856,'M','A94','A173','A201','A72',33,856,0),
(857,'F','A92','A173','A201','A74',40,857,0),
(858,'M','A93','A173','A201','A73',28,858,0),
(859,'F','A92','A173','A201','A73',29,859,0),
(860,'M','A93','A173','A202','A73',26,860,0),
(861,'M','A93','A173','A201','A73',27,861,0),
(862,'M','A94','A173','A201','A73',28,862,0),
(863,'F','A92','A173','A201','A72',35,863,0),
(864,'M','A93','A172','A201','A72',32,864,0),
(865,'M','A93','A172','A201','A73',25,865,0),
(866,'F','A92','A173','A201','A73',20,866,0),
(867,'F','A92','A173','A201','A72',27,867,0),
(868,'M','A93','A173','A201','A75',42,868,0),
(869,'M','A93','A173','A201','A75',37,869,0),
(870,'F','A92','A173','A201','A75',24,870,0),
(871,'F','A92','A173','A201','A74',40,871,0),
(872,'M','A93','A173','A202','A75',46,872,0),
(873,'M','A93','A173','A201','A74',26,873,0),
(874,'F','A92','A173','A201','A72',24,874,0),
(875,'M','A93','A172','A201','A73',29,875,0),
(876,'F','A92','A173','A201','A73',40,876,0),
(877,'M','A93','A174','A201','A72',36,877,0),
(878,'M','A93','A173','A201','A75',28,878,0),
(879,'M','A93','A174','A201','A72',27,879,0),
(880,'M','A93','A173','A201','A74',36,880,0),
(881,'M','A93','A174','A201','A74',38,881,0),
(882,'M','A91','A173','A201','A73',48,882,0),
(883,'M','A93','A173','A201','A75',36,883,0),
(884,'F','A92','A171','A201','A71',65,884,0),
(885,'M','A91','A173','A201','A74',43,885,0),
(886,'F','A92','A173','A201','A72',53,886,0),
(887,'M','A93','A173','A201','A74',34,887,0),
(888,'M','A93','A173','A201','A73',23,888,0),
(889,'M','A93','A174','A201','A75',34,889,0),
(890,'M','A93','A173','A201','A72',40,890,0),
(891,'M','A93','A174','A201','A75',43,891,0),
(892,'M','A93','A173','A201','A75',46,892,0),
(893,'M','A93','A172','A202','A73',38,893,0),
(894,'M','A93','A173','A201','A73',34,894,0),
(895,'M','A93','A173','A201','A73',29,895,0),
(896,'M','A93','A174','A201','A74',31,896,0),
(897,'F','A92','A174','A201','A72',28,897,0),
(898,'F','A92','A173','A202','A74',35,898,0),
(899,'F','A92','A172','A201','A74',33,899,0),
(900,'M','A93','A173','A201','A73',42,900,0),
(901,'M','A93','A173','A201','A75',43,901,0),
(902,'M','A91','A173','A201','A72',44,902,0),
(903,'M','A93','A173','A201','A75',42,903,0),
(904,'M','A94','A173','A201','A73',40,904,0),
(905,'M','A93','A174','A201','A75',36,905,0),
(906,'M','A93','A174','A201','A73',20,906,0),
(907,'M','A93','A172','A202','A74',24,907,0),
(908,'M','A94','A173','A201','A73',27,908,0),
(909,'F','A92','A172','A201','A72',46,909,0),
(910,'F','A92','A172','A201','A73',33,910,0),
(911,'F','A92','A173','A201','A73',34,911,0),
(912,'F','A92','A172','A201','A72',25,912,0),
(913,'F','A92','A173','A201','A75',25,913,0),
(914,'M','A91','A173','A201','A75',28,914,0),
(915,'M','A93','A173','A201','A73',31,915,0),
(916,'F','A92','A174','A202','A73',32,916,0),
(917,'M','A93','A173','A201','A73',32,917,0),
(918,'M','A93','A174','A201','A75',68,918,0),
(919,'M','A91','A173','A201','A71',33,919,0),
(920,'M','A93','A174','A201','A75',39,920,0),
(921,'F','A92','A173','A201','A73',28,921,0),
(922,'M','A93','A174','A201','A74',37,922,0),
(923,'F','A92','A173','A201','A72',22,923,0),
(924,'M','A93','A173','A201','A74',30,924,0),
(925,'M','A91','A173','A201','A72',55,925,0),
(926,'M','A93','A173','A201','A72',46,926,0),
(927,'F','A92','A173','A201','A72',21,927,0),
(928,'M','A93','A173','A201','A74',39,928,0),
(929,'M','A93','A173','A201','A75',58,929,0),
(930,'M','A93','A172','A201','A73',43,930,0),
(931,'M','A93','A172','A202','A72',24,931,0),
(932,'F','A92','A173','A201','A72',22,932,0),
(933,'M','A93','A173','A201','A73',30,933,0),
(934,'M','A93','A173','A201','A75',42,934,0),
(935,'F','A92','A173','A201','A73',23,935,0),
(936,'M','A93','A174','A201','A72',30,936,0),
(937,'F','A92','A172','A201','A73',28,937,0),
(938,'M','A94','A174','A201','A72',30,938,0),
(939,'M','A93','A173','A201','A73',42,939,0),
(940,'M','A93','A174','A201','A73',46,940,0),
(941,'M','A93','A174','A201','A72',45,941,0),
(942,'M','A93','A172','A202','A73',31,942,0),
(943,'M','A93','A173','A201','A74',31,943,0),
(944,'M','A93','A172','A201','A74',42,944,0),
(945,'F','A92','A173','A201','A72',46,945,0),
(946,'F','A92','A173','A201','A72',30,946,0),
(947,'M','A93','A173','A201','A72',30,947,0),
(948,'M','A93','A174','A201','A71',38,948,0),
(949,'M','A94','A172','A201','A72',43,949,0),
(950,'M','A93','A173','A201','A75',31,950,0),
(951,'M','A94','A171','A201','A71',40,951,0),
(952,'M','A93','A173','A201','A74',24,952,0),
(953,'F','A92','A173','A201','A72',28,953,0),
(954,'F','A92','A174','A201','A71',26,954,0),
(955,'F','A92','A173','A201','A73',29,955,0),
(956,'F','A92','A174','A201','A75',57,956,0),
(957,'M','A93','A172','A201','A75',49,957,0),
(958,'M','A93','A172','A201','A75',37,958,0),
(959,'M','A93','A172','A201','A73',45,959,0),
(960,'M','A93','A173','A201','A75',30,960,0),
(961,'M','A94','A173','A201','A75',30,961,0),
(962,'M','A91','A173','A201','A73',47,962,0),
(963,'M','A93','A173','A201','A73',29,963,0),
(964,'M','A93','A173','A201','A75',35,964,0),
(965,'M','A94','A172','A201','A72',22,965,0),
(966,'F','A92','A173','A201','A73',26,966,0),
(967,'M','A93','A172','A201','A73',23,967,0),
(968,'F','A92','A174','A201','A75',54,968,0),
(969,'M','A94','A173','A201','A74',29,969,0),
(970,'M','A93','A172','A201','A73',40,970,0),
(971,'M','A93','A173','A201','A73',22,971,0),
(972,'M','A93','A172','A201','A73',43,972,0),
(973,'F','A92','A171','A201','A71',29,973,0),
(974,'M','A93','A173','A201','A75',36,974,0),
(975,'F','A92','A173','A201','A73',33,975,0),
(976,'F','A92','A172','A201','A73',57,976,0),
(977,'F','A92','A173','A201','A73',64,977,0),
(978,'M','A93','A173','A201','A75',42,978,0),
(979,'M','A93','A172','A201','A75',47,979,0),
(980,'M','A94','A173','A201','A73',25,980,0),
(981,'M','A93','A173','A201','A74',49,981,0),
(982,'M','A93','A174','A201','A71',33,982,0),
(983,'F','A92','A174','A201','A73',28,983,0),
(984,'M','A93','A173','A201','A73',26,984,0),
(985,'M','A93','A172','A201','A74',30,985,0),
(986,'F','A92','A173','A201','A73',25,986,0),
(987,'M','A91','A173','A201','A72',33,987,0),
(988,'F','A92','A173','A201','A71',64,988,0),
(989,'M','A93','A174','A201','A71',29,989,0),
(990,'M','A93','A172','A201','A75',48,990,0),
(991,'M','A93','A172','A201','A72',37,991,0),
(992,'M','A93','A172','A201','A75',34,992,0),
(993,'M','A94','A172','A201','A74',23,993,0),
(994,'M','A93','A174','A201','A71',30,994,0),
(995,'M','A93','A173','A201','A75',50,995,0),
(996,'F','A92','A172','A201','A74',31,996,0),
(997,'M','A91','A174','A201','A73',40,997,0),
(998,'M','A93','A173','A201','A75',38,998,0),
(999,'M','A93','A173','A201','A73',23,999,0),
(1000,'M','A93','A173','A201','A71',27,1000,0);

INSERT INTO PREDICT VALUES
(1,1,1),
(2,2,2),
(3,1,3),
(4,1,4),
(5,2,5),
(6,1,6),
(7,1,7),
(8,1,8),
(9,1,9),
(10,2,10),
(11,2,11),
(12,2,12),
(13,1,13),
(14,2,14),
(15,1,15),
(16,2,16),
(17,1,17),
(18,1,18),
(19,2,19),
(20,1,20),
(21,1,21),
(22,1,22),
(23,1,23),
(24,1,24),
(25,1,25),
(26,1,26),
(27,1,27),
(28,1,28),
(29,1,29),
(30,2,30),
(31,1,31),
(32,1,32),
(33,1,33),
(34,1,34),
(35,1,35),
(36,2,36),
(37,1,37),
(38,2,38),
(39,1,39),
(40,1,40),
(41,1,41),
(42,1,42),
(43,1,43),
(44,1,44),
(45,2,45),
(46,1,46),
(47,1,47),
(48,1,48),
(49,1,49),
(50,1,50),
(51,1,51),
(52,1,52),
(53,1,53),
(54,1,54),
(55,2,55),
(56,1,56),
(57,2,57),
(58,1,58),
(59,1,59),
(60,2,60),
(61,1,61),
(62,1,62),
(63,2,63),
(64,2,64),
(65,1,65),
(66,1,66),
(67,1,67),
(68,1,68),
(69,2,69),
(70,1,70),
(71,1,71),
(72,1,72),
(73,1,73),
(74,1,74),
(75,2,75),
(76,1,76),
(77,2,77),
(78,1,78),
(79,1,79),
(80,1,80),
(81,2,81),
(82,1,82),
(83,1,83),
(84,1,84),
(85,1,85),
(86,1,86),
(87,1,87),
(88,2,88),
(89,1,89),
(90,2,90),
(91,1,91),
(92,1,92),
(93,2,93),
(94,1,94),
(95,1,95),
(96,2,96),
(97,1,97),
(98,1,98),
(99,1,99),
(100,1,100),
(101,1,101),
(102,1,102),
(103,1,103),
(104,1,104),
(105,1,105),
(106,2,106),
(107,2,107),
(108,1,108),
(109,1,109),
(110,1,110),
(111,1,111),
(112,1,112),
(113,1,113),
(114,2,114),
(115,1,115),
(116,1,116),
(117,2,117),
(118,1,118),
(119,2,119),
(120,1,120),
(121,2,121),
(122,1,122),
(123,1,123),
(124,1,124),
(125,2,125),
(126,1,126),
(127,1,127),
(128,2,128),
(129,1,129),
(130,2,130),
(131,1,131),
(132,2,132),
(133,1,133),
(134,1,134),
(135,1,135),
(136,1,136),
(137,1,137),
(138,2,138),
(139,1,139),
(140,1,140),
(141,1,141),
(142,1,142),
(143,1,143),
(144,2,144),
(145,1,145),
(146,1,146),
(147,1,147),
(148,1,148),
(149,1,149),
(150,1,150),
(151,1,151),
(152,1,152),
(153,1,153),
(154,1,154),
(155,1,155),
(156,2,156),
(157,1,157),
(158,1,158),
(159,1,159),
(160,1,160),
(161,1,161),
(162,1,162),
(163,1,163),
(164,1,164),
(165,1,165),
(166,1,166),
(167,2,167),
(168,1,168),
(169,1,169),
(170,2,170),
(171,2,171),
(172,1,172),
(173,2,173),
(174,1,174),
(175,2,175),
(176,2,176),
(177,1,177),
(178,1,178),
(179,1,179),
(180,1,180),
(181,2,181),
(182,2,182),
(183,2,183),
(184,1,184),
(185,2,185),
(186,1,186),
(187,2,187),
(188,1,188),
(189,2,189),
(190,1,190),
(191,2,191),
(192,2,192),
(193,2,193),
(194,1,194),
(195,2,195),
(196,2,196),
(197,1,197),
(198,2,198),
(199,1,199),
(200,2,200),
(201,1,201),
(202,1,202),
(203,1,203),
(204,2,204),
(205,1,205),
(206,1,206),
(207,1,207),
(208,1,208),
(209,1,209),
(210,1,210),
(211,1,211),
(212,1,212),
(213,2,213),
(214,2,214),
(215,1,215),
(216,1,216),
(217,1,217),
(218,1,218),
(219,1,219),
(220,1,220),
(221,1,221),
(222,1,222),
(223,1,223),
(224,1,224),
(225,1,225),
(226,1,226),
(227,2,227),
(228,2,228),
(229,2,229),
(230,1,230),
(231,2,231),
(232,1,232),
(233,1,233),
(234,1,234),
(235,1,235),
(236,2,236),
(237,2,237),
(238,2,238),
(239,1,239),
(240,1,240),
(241,2,241),
(242,1,242),
(243,2,243),
(244,1,244),
(245,1,245),
(246,1,246),
(247,1,247),
(248,1,248),
(249,1,249),
(250,2,250),
(251,1,251),
(252,1,252),
(253,2,253),
(254,1,254),
(255,1,255),
(256,1,256),
(257,1,257),
(258,2,258),
(259,1,259),
(260,1,260),
(261,1,261),
(262,1,262),
(263,1,263),
(264,1,264),
(265,1,265),
(266,2,266),
(267,1,267),
(268,1,268),
(269,2,269),
(270,1,270),
(271,1,271),
(272,1,272),
(273,1,273),
(274,2,274),
(275,2,275),
(276,1,276),
(277,1,277),
(278,1,278),
(279,2,279),
(280,1,280),
(281,1,281),
(282,1,282),
(283,1,283),
(284,1,284),
(285,1,285),
(286,1,286),
(287,1,287),
(288,1,288),
(289,1,289),
(290,2,290),
(291,1,291),
(292,2,292),
(293,1,293),
(294,1,294),
(295,1,295),
(296,2,296),
(297,1,297),
(298,1,298),
(299,1,299),
(300,1,300),
(301,1,301),
(302,2,302),
(303,2,303),
(304,1,304),
(305,2,305),
(306,1,306),
(307,1,307),
(308,2,308),
(309,2,309),
(310,1,310),
(311,1,311),
(312,1,312),
(313,1,313),
(314,2,314),
(315,1,315),
(316,2,316),
(317,1,317),
(318,1,318),
(319,1,319),
(320,1,320),
(321,2,321),
(322,2,322),
(323,1,323),
(324,1,324),
(325,1,325),
(326,1,326),
(327,1,327),
(328,1,328),
(329,1,329),
(330,1,330),
(331,1,331),
(332,2,332),
(333,2,333),
(334,2,334),
(335,2,335),
(336,2,336),
(337,1,337),
(338,2,338),
(339,1,339),
(340,1,340),
(341,1,341),
(342,1,342),
(343,1,343),
(344,1,344),
(345,1,345),
(346,1,346),
(347,1,347),
(348,1,348),
(349,1,349),
(350,2,350),
(351,1,351),
(352,2,352),
(353,1,353),
(354,2,354),
(355,1,355),
(356,2,356),
(357,1,357),
(358,2,358),
(359,1,359),
(360,2,360),
(361,1,361),
(362,1,362),
(363,1,363),
(364,1,364),
(365,2,365),
(366,1,366),
(367,1,367),
(368,1,368),
(369,2,369),
(370,1,370),
(371,1,371),
(372,1,372),
(373,1,373),
(374,1,374),
(375,2,375),
(376,2,376),
(377,1,377),
(378,1,378),
(379,2,379),
(380,1,380),
(381,1,381),
(382,2,382),
(383,1,383),
(384,1,384),
(385,1,385),
(386,1,386),
(387,1,387),
(388,1,388),
(389,1,389),
(390,1,390),
(391,1,391),
(392,1,392),
(393,1,393),
(394,1,394),
(395,1,395),
(396,1,396),
(397,1,397),
(398,1,398),
(399,2,399),
(400,1,400),
(401,1,401),
(402,1,402),
(403,2,403),
(404,1,404),
(405,1,405),
(406,2,406),
(407,1,407),
(408,1,408),
(409,1,409),
(410,2,410),
(411,1,411),
(412,1,412),
(413,2,413),
(414,1,414),
(415,2,415),
(416,1,416),
(417,2,417),
(418,1,418),
(419,1,419),
(420,2,420),
(421,1,421),
(422,1,422),
(423,1,423),
(424,1,424),
(425,2,425),
(426,1,426),
(427,1,427),
(428,1,428),
(429,1,429),
(430,2,430),
(431,1,431),
(432,2,432),
(433,1,433),
(434,1,434),
(435,1,435),
(436,2,436),
(437,1,437),
(438,1,438),
(439,1,439),
(440,2,440),
(441,1,441),
(442,1,442),
(443,1,443),
(444,2,444),
(445,2,445),
(446,1,446),
(447,2,447),
(448,1,448),
(449,1,449),
(450,2,450),
(451,1,451),
(452,1,452),
(453,1,453),
(454,1,454),
(455,2,455),
(456,1,456),
(457,1,457),
(458,2,458),
(459,1,459),
(460,1,460),
(461,1,461),
(462,1,462),
(463,1,463),
(464,1,464),
(465,1,465),
(466,1,466),
(467,2,467),
(468,1,468),
(469,1,469),
(470,1,470),
(471,2,471),
(472,2,472),
(473,2,473),
(474,1,474),
(475,2,475),
(476,2,476),
(477,1,477),
(478,1,478),
(479,1,479),
(480,1,480),
(481,1,481),
(482,1,482),
(483,1,483),
(484,1,484),
(485,1,485),
(486,2,486),
(487,1,487),
(488,1,488),
(489,1,489),
(490,1,490),
(491,1,491),
(492,2,492),
(493,1,493),
(494,1,494),
(495,1,495),
(496,2,496),
(497,2,497),
(498,1,498),
(499,1,499),
(500,1,500),
(501,2,501),
(502,1,502),
(503,1,503),
(504,2,504),
(505,2,505),
(506,2,506),
(507,1,507),
(508,2,508),
(509,1,509),
(510,1,510),
(511,2,511),
(512,1,512),
(513,1,513),
(514,1,514),
(515,1,515),
(516,1,516),
(517,1,517),
(518,2,518),
(519,1,519),
(520,1,520),
(521,1,521),
(522,2,522),
(523,2,523),
(524,1,524),
(525,1,525),
(526,1,526),
(527,1,527),
(528,1,528),
(529,2,529),
(530,1,530),
(531,1,531),
(532,2,532),
(533,1,533),
(534,1,534),
(535,1,535),
(536,2,536),
(537,1,537),
(538,1,538),
(539,2,539),
(540,1,540),
(541,2,541),
(542,1,542),
(543,2,543),
(544,2,544),
(545,1,545),
(546,2,546),
(547,1,547),
(548,1,548),
(549,2,549),
(550,1,550),
(551,1,551),
(552,1,552),
(553,2,553),
(554,1,554),
(555,1,555),
(556,2,556),
(557,2,557),
(558,2,558),
(559,2,559),
(560,2,560),
(561,1,561),
(562,2,562),
(563,1,563),
(564,2,564),
(565,1,565),
(566,1,566),
(567,2,567),
(568,1,568),
(569,1,569),
(570,2,570),
(571,2,571),
(572,1,572),
(573,1,573),
(574,1,574),
(575,1,575),
(576,1,576),
(577,1,577),
(578,1,578),
(579,2,579),
(580,1,580),
(581,2,581),
(582,1,582),
(583,1,583),
(584,2,584),
(585,1,585),
(586,2,586),
(587,1,587),
(588,1,588),
(589,2,589),
(590,2,590),
(591,1,591),
(592,1,592),
(593,1,593),
(594,2,594),
(595,2,595),
(596,2,596),
(597,2,597),
(598,2,598),
(599,2,599),
(600,1,600),
(601,1,601),
(602,2,602),
(603,2,603),
(604,2,604),
(605,1,605),
(606,1,606),
(607,1,607),
(608,2,608),
(609,1,609),
(610,1,610),
(611,2,611),
(612,2,612),
(613,1,613),
(614,1,614),
(615,2,615),
(616,1,616),
(617,1,617),
(618,1,618),
(619,2,619),
(620,1,620),
(621,1,621),
(622,2,622),
(623,2,623),
(624,1,624),
(625,2,625),
(626,1,626),
(627,1,627),
(628,2,628),
(629,1,629),
(630,1,630),
(631,1,631),
(632,2,632),
(633,1,633),
(634,2,634),
(635,2,635),
(636,1,636),
(637,1,637),
(638,1,638),
(639,1,639),
(640,2,640),
(641,2,641),
(642,1,642),
(643,2,643),
(644,1,644),
(645,1,645),
(646,2,646),
(647,1,647),
(648,2,648),
(649,2,649),
(650,2,650),
(651,1,651),
(652,2,652),
(653,2,653),
(654,2,654),
(655,1,655),
(656,1,656),
(657,2,657),
(658,1,658),
(659,1,659),
(660,1,660),
(661,1,661),
(662,2,662),
(663,1,663),
(664,1,664),
(665,1,665),
(666,1,666),
(667,1,667),
(668,1,668),
(669,2,669),
(670,1,670),
(671,1,671),
(672,1,672),
(673,1,673),
(674,1,674),
(675,2,675),
(676,1,676),
(677,1,677),
(678,2,678),
(679,1,679),
(680,1,680),
(681,1,681),
(682,1,682),
(683,1,683),
(684,1,684),
(685,1,685),
(686,1,686),
(687,1,687),
(688,1,688),
(689,1,689),
(690,1,690),
(691,1,691),
(692,1,692),
(693,1,693),
(694,1,694),
(695,1,695),
(696,1,696),
(697,1,697),
(698,1,698),
(699,1,699),
(700,1,700),
(701,2,701),
(702,2,702),
(703,1,703),
(704,1,704),
(705,1,705),
(706,1,706),
(707,2,707),
(708,2,708),
(709,1,709),
(710,1,710),
(711,1,711),
(712,2,712),
(713,1,713),
(714,1,714),
(715,2,715),
(716,1,716),
(717,1,717),
(718,1,718),
(719,1,719),
(720,1,720),
(721,2,721),
(722,2,722),
(723,2,723),
(724,1,724),
(725,2,725),
(726,1,726),
(727,1,727),
(728,2,728),
(729,2,729),
(730,1,730),
(731,1,731),
(732,2,732),
(733,1,733),
(734,1,734),
(735,1,735),
(736,1,736),
(737,2,737),
(738,1,738),
(739,1,739),
(740,2,740),
(741,1,741),
(742,1,742),
(743,1,743),
(744,1,744),
(745,1,745),
(746,1,746),
(747,1,747),
(748,2,748),
(749,1,749),
(750,1,750),
(751,1,751),
(752,2,752),
(753,1,753),
(754,1,754),
(755,2,755),
(756,2,756),
(757,1,757),
(758,2,758),
(759,1,759),
(760,2,760),
(761,1,761),
(762,2,762),
(763,1,763),
(764,2,764),
(765,1,765),
(766,1,766),
(767,2,767),
(768,1,768),
(769,1,769),
(770,1,770),
(771,1,771),
(772,2,772),
(773,1,773),
(774,1,774),
(775,1,775),
(776,2,776),
(777,1,777),
(778,1,778),
(779,1,779),
(780,1,780),
(781,2,781),
(782,1,782),
(783,1,783),
(784,2,784),
(785,1,785),
(786,1,786),
(787,1,787),
(788,1,788),
(789,2,789),
(790,2,790),
(791,2,791),
(792,1,792),
(793,1,793),
(794,1,794),
(795,1,795),
(796,1,796),
(797,2,797),
(798,1,798),
(799,1,799),
(800,1,800),
(801,1,801),
(802,1,802),
(803,1,803),
(804,1,804),
(805,1,805),
(806,2,806),
(807,1,807),
(808,1,808),
(809,1,809),
(810,2,810),
(811,1,811),
(812,1,812),
(813,2,813),
(814,2,814),
(815,2,815),
(816,1,816),
(817,1,817),
(818,1,818),
(819,1,819),
(820,2,820),
(821,1,821),
(822,1,822),
(823,2,823),
(824,1,824),
(825,1,825),
(826,1,826),
(827,2,827),
(828,2,828),
(829,2,829),
(830,1,830),
(831,1,831),
(832,2,832),
(833,2,833),
(834,1,834),
(835,2,835),
(836,2,836),
(837,1,837),
(838,1,838),
(839,1,839),
(840,1,840),
(841,2,841),
(842,1,842),
(843,2,843),
(844,1,844),
(845,1,845),
(846,1,846),
(847,2,847),
(848,1,848),
(849,1,849),
(850,2,850),
(851,2,851),
(852,1,852),
(853,1,853),
(854,2,854),
(855,1,855),
(856,1,856),
(857,1,857),
(858,1,858),
(859,2,859),
(860,1,860),
(861,1,861),
(862,2,862),
(863,2,863),
(864,1,864),
(865,2,865),
(866,1,866),
(867,1,867),
(868,1,868),
(869,1,869),
(870,1,870),
(871,1,871),
(872,1,872),
(873,1,873),
(874,1,874),
(875,1,875),
(876,1,876),
(877,1,877),
(878,1,878),
(879,2,879),
(880,1,880),
(881,1,881),
(882,1,882),
(883,1,883),
(884,1,884),
(885,2,885),
(886,2,886),
(887,1,887),
(888,2,888),
(889,1,889),
(890,1,890),
(891,1,891),
(892,1,892),
(893,1,893),
(894,1,894),
(895,1,895),
(896,1,896),
(897,1,897),
(898,1,898),
(899,1,899),
(900,2,900),
(901,2,901),
(902,1,902),
(903,1,903),
(904,1,904),
(905,1,905),
(906,1,906),
(907,1,907),
(908,1,908),
(909,1,909),
(910,1,910),
(911,1,911),
(912,2,912),
(913,1,913),
(914,1,914),
(915,2,915),
(916,2,916),
(917,1,917),
(918,2,918),
(919,2,919),
(920,2,920),
(921,1,921),
(922,1,922),
(923,2,923),
(924,1,924),
(925,2,925),
(926,2,926),
(927,1,927),
(928,2,928),
(929,1,929),
(930,1,930),
(931,1,931),
(932,2,932),
(933,1,933),
(934,1,934),
(935,1,935),
(936,2,936),
(937,2,937),
(938,1,938),
(939,2,939),
(940,1,940),
(941,1,941),
(942,1,942),
(943,1,943),
(944,1,944),
(945,1,945),
(946,1,946),
(947,2,947),
(948,1,948),
(949,2,949),
(950,2,950),
(951,1,951),
(952,2,952),
(953,2,953),
(954,2,954),
(955,1,955),
(956,1,956),
(957,1,957),
(958,1,958),
(959,2,959),
(960,1,960),
(961,1,961),
(962,1,962),
(963,1,963),
(964,2,964),
(965,1,965),
(966,1,966),
(967,2,967),
(968,1,968),
(969,1,969),
(970,1,970),
(971,1,971),
(972,1,972),
(973,2,973),
(974,2,974),
(975,1,975),
(976,1,976),
(977,1,977),
(978,1,978),
(979,2,979),
(980,2,980),
(981,2,981),
(982,2,982),
(983,1,983),
(984,2,984),
(985,1,985),
(986,1,986),
(987,1,987),
(988,1,988),
(989,1,989),
(990,1,990),
(991,1,991),
(992,1,992),
(993,1,993),
(994,1,994),
(995,1,995),
(996,1,996),
(997,1,997),
(998,1,998),
(999,2,999),
(1000,1,1000);

INSERT INTO PROPERTY VALUES
(1,'A121',1),
(2,'A121',2),
(3,'A121',3),
(4,'A122',4),
(5,'A124',5),
(6,'A124',6),
(7,'A122',7),
(8,'A123',8),
(9,'A121',9),
(10,'A123',10),
(11,'A123',11),
(12,'A122',12),
(13,'A123',13),
(14,'A123',14),
(15,'A123',15),
(16,'A123',16),
(17,'A122',17),
(18,'A123',18),
(19,'A124',19),
(20,'A123',20),
(21,'A123',21),
(22,'A121',22),
(23,'A121',23),
(24,'A122',24),
(25,'A123',25),
(26,'A121',26),
(27,'A123',27),
(28,'A121',28),
(29,'A121',29),
(30,'A124',30),
(31,'A121',31),
(32,'A123',32),
(33,'A123',33),
(34,'A124',34),
(35,'A122',35),
(36,'A122',36),
(37,'A124',37),
(38,'A121',38),
(39,'A123',39),
(40,'A121',40),
(41,'A123',41),
(42,'A123',42),
(43,'A121',43),
(44,'A123',44),
(45,'A124',45),
(46,'A123',46),
(47,'A123',47),
(48,'A122',48),
(49,'A122',49),
(50,'A121',50),
(51,'A122',51),
(52,'A123',52),
(53,'A123',53),
(54,'A122',54),
(55,'A124',55),
(56,'A121',56),
(57,'A124',57),
(58,'A123',58),
(59,'A123',59),
(60,'A124',60),
(61,'A121',61),
(62,'A121',62),
(63,'A124',63),
(64,'A123',64),
(65,'A122',65),
(66,'A122',66),
(67,'A123',67),
(68,'A121',68),
(69,'A124',69),
(70,'A123',70),
(71,'A122',71),
(72,'A122',72),
(73,'A124',73),
(74,'A121',74),
(75,'A124',75),
(76,'A124',76),
(77,'A123',77),
(78,'A122',78),
(79,'A122',79),
(80,'A122',80),
(81,'A123',81),
(82,'A122',82),
(83,'A122',83),
(84,'A121',84),
(85,'A121',85),
(86,'A121',86),
(87,'A122',87),
(88,'A124',88),
(89,'A123',89),
(90,'A121',90),
(91,'A121',91),
(92,'A121',92),
(93,'A122',93),
(94,'A124',94),
(95,'A121',95),
(96,'A124',96),
(97,'A123',97),
(98,'A123',98),
(99,'A121',99),
(100,'A122',100),
(101,'A121',101),
(102,'A123',102),
(103,'A121',103),
(104,'A123',104),
(105,'A123',105),
(106,'A123',106),
(107,'A124',107),
(108,'A123',108),
(109,'A122',109),
(110,'A121',110),
(111,'A123',111),
(112,'A122',112),
(113,'A121',113),
(114,'A121',114),
(115,'A121',115),
(116,'A121',116),
(117,'A123',117),
(118,'A121',118),
(119,'A123',119),
(120,'A123',120),
(121,'A121',121),
(122,'A123',122),
(123,'A121',123),
(124,'A124',124),
(125,'A121',125),
(126,'A122',126),
(127,'A121',127),
(128,'A123',128),
(129,'A123',129),
(130,'A121',130),
(131,'A123',131),
(132,'A122',132),
(133,'A122',133),
(134,'A124',134),
(135,'A121',135),
(136,'A121',136),
(137,'A123',137),
(138,'A121',138),
(139,'A121',139),
(140,'A123',140),
(141,'A121',141),
(142,'A124',142),
(143,'A123',143),
(144,'A123',144),
(145,'A122',145),
(146,'A123',146),
(147,'A124',147),
(148,'A123',148),
(149,'A122',149),
(150,'A123',150),
(151,'A124',151),
(152,'A122',152),
(153,'A123',153),
(154,'A124',154),
(155,'A123',155),
(156,'A123',156),
(157,'A121',157),
(158,'A123',158),
(159,'A123',159),
(160,'A121',160),
(161,'A121',161),
(162,'A122',162),
(163,'A122',163),
(164,'A124',164),
(165,'A122',165),
(166,'A123',166),
(167,'A123',167),
(168,'A121',168),
(169,'A122',169),
(170,'A121',170),
(171,'A123',171),
(172,'A121',172),
(173,'A122',173),
(174,'A121',174),
(175,'A122',175),
(176,'A121',176),
(177,'A123',177),
(178,'A123',178),
(179,'A123',179),
(180,'A121',180),
(181,'A123',181),
(182,'A121',182),
(183,'A122',183),
(184,'A121',184),
(185,'A123',185),
(186,'A122',186),
(187,'A124',187),
(188,'A123',188),
(189,'A122',189),
(190,'A123',190),
(191,'A122',191),
(192,'A124',192),
(193,'A123',193),
(194,'A121',194),
(195,'A122',195),
(196,'A123',196),
(197,'A123',197),
(198,'A123',198),
(199,'A124',199),
(200,'A124',200),
(201,'A123',201),
(202,'A121',202),
(203,'A123',203),
(204,'A122',204),
(205,'A121',205),
(206,'A124',206),
(207,'A121',207),
(208,'A122',208),
(209,'A123',209),
(210,'A122',210),
(211,'A121',211),
(212,'A121',212),
(213,'A122',213),
(214,'A121',214),
(215,'A123',215),
(216,'A122',216),
(217,'A122',217),
(218,'A121',218),
(219,'A121',219),
(220,'A123',220),
(221,'A121',221),
(222,'A122',222),
(223,'A121',223),
(224,'A121',224),
(225,'A123',225),
(226,'A123',226),
(227,'A124',227),
(228,'A124',228),
(229,'A123',229),
(230,'A124',230),
(231,'A123',231),
(232,'A124',232),
(233,'A124',233),
(234,'A121',234),
(235,'A121',235),
(236,'A123',236),
(237,'A122',237),
(238,'A123',238),
(239,'A122',239),
(240,'A122',240),
(241,'A123',241),
(242,'A122',242),
(243,'A124',243),
(244,'A121',244),
(245,'A121',245),
(246,'A121',246),
(247,'A121',247),
(248,'A124',248),
(249,'A121',249),
(250,'A121',250),
(251,'A121',251),
(252,'A123',252),
(253,'A124',253),
(254,'A122',254),
(255,'A123',255),
(256,'A121',256),
(257,'A121',257),
(258,'A124',258),
(259,'A123',259),
(260,'A121',260),
(261,'A121',261),
(262,'A123',262),
(263,'A124',263),
(264,'A124',264),
(265,'A121',265),
(266,'A123',266),
(267,'A121',267),
(268,'A123',268),
(269,'A122',269),
(270,'A123',270),
(271,'A122',271),
(272,'A123',272),
(273,'A124',273),
(274,'A121',274),
(275,'A124',275),
(276,'A121',276),
(277,'A123',277),
(278,'A122',278),
(279,'A122',279),
(280,'A123',280),
(281,'A124',281),
(282,'A121',282),
(283,'A123',283),
(284,'A122',284),
(285,'A123',285),
(286,'A121',286),
(287,'A122',287),
(288,'A124',288),
(289,'A121',289),
(290,'A121',290),
(291,'A121',291),
(292,'A123',292),
(293,'A124',293),
(294,'A124',294),
(295,'A123',295),
(296,'A123',296),
(297,'A123',297),
(298,'A122',298),
(299,'A121',299),
(300,'A123',300),
(301,'A121',301),
(302,'A123',302),
(303,'A121',303),
(304,'A122',304),
(305,'A124',305),
(306,'A121',306),
(307,'A122',307),
(308,'A124',308),
(309,'A121',309),
(310,'A121',310),
(311,'A124',311),
(312,'A123',312),
(313,'A123',313),
(314,'A123',314),
(315,'A121',315),
(316,'A123',316),
(317,'A122',317),
(318,'A122',318),
(319,'A123',319),
(320,'A122',320),
(321,'A123',321),
(322,'A122',322),
(323,'A124',323),
(324,'A123',324),
(325,'A121',325),
(326,'A121',326),
(327,'A122',327),
(328,'A123',328),
(329,'A123',329),
(330,'A123',330),
(331,'A124',331),
(332,'A121',332),
(333,'A122',333),
(334,'A123',334),
(335,'A124',335),
(336,'A121',336),
(337,'A122',337),
(338,'A123',338),
(339,'A122',339),
(340,'A123',340),
(341,'A124',341),
(342,'A123',342),
(343,'A121',343),
(344,'A121',344),
(345,'A122',345),
(346,'A123',346),
(347,'A121',347),
(348,'A124',348),
(349,'A121',349),
(350,'A124',350),
(351,'A121',351),
(352,'A123',352),
(353,'A124',353),
(354,'A122',354),
(355,'A124',355),
(356,'A121',356),
(357,'A121',357),
(358,'A123',358),
(359,'A121',359),
(360,'A121',360),
(361,'A124',361),
(362,'A123',362),
(363,'A123',363),
(364,'A122',364),
(365,'A123',365),
(366,'A123',366),
(367,'A123',367),
(368,'A123',368),
(369,'A123',369),
(370,'A121',370),
(371,'A121',371),
(372,'A123',372),
(373,'A121',373),
(374,'A124',374),
(375,'A124',375),
(376,'A123',376),
(377,'A121',377),
(378,'A124',378),
(379,'A124',379),
(380,'A123',380),
(381,'A123',381),
(382,'A124',382),
(383,'A122',383),
(384,'A121',384),
(385,'A122',385),
(386,'A123',386),
(387,'A121',387),
(388,'A122',388),
(389,'A123',389),
(390,'A123',390),
(391,'A122',391),
(392,'A121',392),
(393,'A124',393),
(394,'A123',394),
(395,'A123',395),
(396,'A124',396),
(397,'A124',397),
(398,'A122',398),
(399,'A121',399),
(400,'A121',400),
(401,'A121',401),
(402,'A121',402),
(403,'A123',403),
(404,'A123',404),
(405,'A123',405),
(406,'A122',406),
(407,'A123',407),
(408,'A121',408),
(409,'A123',409),
(410,'A121',410),
(411,'A123',411),
(412,'A123',412),
(413,'A123',413),
(414,'A124',414),
(415,'A122',415),
(416,'A122',416),
(417,'A121',417),
(418,'A123',418),
(419,'A123',419),
(420,'A122',420),
(421,'A123',421),
(422,'A123',422),
(423,'A121',423),
(424,'A121',424),
(425,'A122',425),
(426,'A123',426),
(427,'A123',427),
(428,'A121',428),
(429,'A123',429),
(430,'A124',430),
(431,'A121',431),
(432,'A123',432),
(433,'A124',433),
(434,'A121',434),
(435,'A121',435),
(436,'A121',436),
(437,'A121',437),
(438,'A121',438),
(439,'A123',439),
(440,'A121',440),
(441,'A123',441),
(442,'A122',442),
(443,'A123',443),
(444,'A123',444),
(445,'A123',445),
(446,'A122',446),
(447,'A123',447),
(448,'A121',448),
(449,'A121',449),
(450,'A122',450),
(451,'A123',451),
(452,'A121',452),
(453,'A122',453),
(454,'A123',454),
(455,'A122',455),
(456,'A124',456),
(457,'A121',457),
(458,'A124',458),
(459,'A121',459),
(460,'A123',460),
(461,'A122',461),
(462,'A121',462),
(463,'A121',463),
(464,'A122',464),
(465,'A123',465),
(466,'A124',466),
(467,'A123',467),
(468,'A123',468),
(469,'A123',469),
(470,'A123',470),
(471,'A123',471),
(472,'A122',472),
(473,'A123',473),
(474,'A122',474),
(475,'A123',475),
(476,'A122',476),
(477,'A123',477),
(478,'A123',478),
(479,'A121',479),
(480,'A123',480),
(481,'A121',481),
(482,'A122',482),
(483,'A122',483),
(484,'A122',484),
(485,'A121',485),
(486,'A122',486),
(487,'A123',487),
(488,'A124',488),
(489,'A121',489),
(490,'A122',490),
(491,'A124',491),
(492,'A124',492),
(493,'A122',493),
(494,'A122',494),
(495,'A121',495),
(496,'A123',496),
(497,'A124',497),
(498,'A122',498),
(499,'A121',499),
(500,'A123',500),
(501,'A122',501),
(502,'A124',502),
(503,'A121',503),
(504,'A124',504),
(505,'A122',505),
(506,'A122',506),
(507,'A123',507),
(508,'A122',508),
(509,'A122',509),
(510,'A123',510),
(511,'A121',511),
(512,'A124',512),
(513,'A122',513),
(514,'A121',514),
(515,'A122',515),
(516,'A122',516),
(517,'A121',517),
(518,'A122',518),
(519,'A122',519),
(520,'A124',520),
(521,'A124',521),
(522,'A121',522),
(523,'A124',523),
(524,'A123',524),
(525,'A121',525),
(526,'A123',526),
(527,'A123',527),
(528,'A121',528),
(529,'A123',529),
(530,'A121',530),
(531,'A123',531),
(532,'A123',532),
(533,'A121',533),
(534,'A122',534),
(535,'A123',535),
(536,'A123',536),
(537,'A122',537),
(538,'A122',538),
(539,'A124',539),
(540,'A122',540),
(541,'A121',541),
(542,'A124',542),
(543,'A122',543),
(544,'A121',544),
(545,'A121',545),
(546,'A121',546),
(547,'A123',547),
(548,'A123',548),
(549,'A121',549),
(550,'A124',550),
(551,'A121',551),
(552,'A122',552),
(553,'A121',553),
(554,'A123',554),
(555,'A122',555),
(556,'A123',556),
(557,'A123',557),
(558,'A122',558),
(559,'A123',559),
(560,'A121',560),
(561,'A124',561),
(562,'A123',562),
(563,'A122',563),
(564,'A124',564),
(565,'A122',565),
(566,'A122',566),
(567,'A123',567),
(568,'A123',568),
(569,'A123',569),
(570,'A123',570),
(571,'A121',571),
(572,'A123',572),
(573,'A122',573),
(574,'A122',574),
(575,'A123',575),
(576,'A123',576),
(577,'A121',577),
(578,'A123',578),
(579,'A123',579),
(580,'A123',580),
(581,'A121',581),
(582,'A121',582),
(583,'A121',583),
(584,'A124',584),
(585,'A124',585),
(586,'A121',586),
(587,'A121',587),
(588,'A122',588),
(589,'A121',589),
(590,'A122',590),
(591,'A121',591),
(592,'A123',592),
(593,'A121',593),
(594,'A122',594),
(595,'A123',595),
(596,'A122',596),
(597,'A123',597),
(598,'A121',598),
(599,'A122',599),
(600,'A124',600),
(601,'A121',601),
(602,'A122',602),
(603,'A124',603),
(604,'A123',604),
(605,'A122',605),
(606,'A121',606),
(607,'A121',607),
(608,'A124',608),
(609,'A121',609),
(610,'A124',610),
(611,'A122',611),
(612,'A124',612),
(613,'A123',613),
(614,'A123',614),
(615,'A121',615),
(616,'A123',616),
(617,'A124',617),
(618,'A121',618),
(619,'A123',619),
(620,'A121',620),
(621,'A122',621),
(622,'A122',622),
(623,'A121',623),
(624,'A123',624),
(625,'A124',625),
(626,'A123',626),
(627,'A121',627),
(628,'A124',628),
(629,'A121',629),
(630,'A121',630),
(631,'A123',631),
(632,'A123',632),
(633,'A122',633),
(634,'A123',634),
(635,'A123',635),
(636,'A122',636),
(637,'A123',637),
(638,'A123',638),
(639,'A123',639),
(640,'A122',640),
(641,'A121',641),
(642,'A123',642),
(643,'A122',643),
(644,'A123',644),
(645,'A122',645),
(646,'A123',646),
(647,'A121',647),
(648,'A122',648),
(649,'A124',649),
(650,'A123',650),
(651,'A124',651),
(652,'A122',652),
(653,'A121',653),
(654,'A123',654),
(655,'A123',655),
(656,'A124',656),
(657,'A123',657),
(658,'A123',658),
(659,'A123',659),
(660,'A124',660),
(661,'A121',661),
(662,'A123',662),
(663,'A121',663),
(664,'A122',664),
(665,'A122',665),
(666,'A124',666),
(667,'A123',667),
(668,'A121',668),
(669,'A122',669),
(670,'A122',670),
(671,'A122',671),
(672,'A123',672),
(673,'A122',673),
(674,'A123',674),
(675,'A121',675),
(676,'A123',676),
(677,'A123',677),
(678,'A123',678),
(679,'A121',679),
(680,'A121',680),
(681,'A124',681),
(682,'A124',682),
(683,'A121',683),
(684,'A124',684),
(685,'A122',685),
(686,'A124',686),
(687,'A122',687),
(688,'A124',688),
(689,'A123',689),
(690,'A122',690),
(691,'A122',691),
(692,'A121',692),
(693,'A123',693),
(694,'A121',694),
(695,'A123',695),
(696,'A122',696),
(697,'A121',697),
(698,'A122',698),
(699,'A123',699),
(700,'A123',700),
(701,'A123',701),
(702,'A124',702),
(703,'A124',703),
(704,'A122',704),
(705,'A122',705),
(706,'A124',706),
(707,'A122',707),
(708,'A122',708),
(709,'A121',709),
(710,'A121',710),
(711,'A122',711),
(712,'A124',712),
(713,'A121',713),
(714,'A121',714),
(715,'A124',715),
(716,'A123',716),
(717,'A123',717),
(718,'A124',718),
(719,'A123',719),
(720,'A123',720),
(721,'A123',721),
(722,'A122',722),
(723,'A121',723),
(724,'A121',724),
(725,'A121',725),
(726,'A121',726),
(727,'A122',727),
(728,'A123',728),
(729,'A124',729),
(730,'A121',730),
(731,'A123',731),
(732,'A121',732),
(733,'A121',733),
(734,'A123',734),
(735,'A121',735),
(736,'A124',736),
(737,'A123',737),
(738,'A123',738),
(739,'A124',739),
(740,'A123',740),
(741,'A123',741),
(742,'A121',742),
(743,'A122',743),
(744,'A121',744),
(745,'A122',745),
(746,'A122',746),
(747,'A123',747),
(748,'A121',748),
(749,'A123',749),
(750,'A123',750),
(751,'A122',751),
(752,'A123',752),
(753,'A121',753),
(754,'A123',754),
(755,'A124',755),
(756,'A124',756),
(757,'A121',757),
(758,'A124',758),
(759,'A121',759),
(760,'A122',760),
(761,'A123',761),
(762,'A121',762),
(763,'A122',763),
(764,'A124',764),
(765,'A122',765),
(766,'A121',766),
(767,'A122',767),
(768,'A121',768),
(769,'A123',769),
(770,'A121',770),
(771,'A121',771),
(772,'A124',772),
(773,'A123',773),
(774,'A122',774),
(775,'A124',775),
(776,'A121',776),
(777,'A123',777),
(778,'A121',778),
(779,'A123',779),
(780,'A123',780),
(781,'A121',781),
(782,'A121',782),
(783,'A121',783),
(784,'A122',784),
(785,'A121',785),
(786,'A122',786),
(787,'A123',787),
(788,'A123',788),
(789,'A124',789),
(790,'A124',790),
(791,'A122',791),
(792,'A123',792),
(793,'A122',793),
(794,'A124',794),
(795,'A124',795),
(796,'A122',796),
(797,'A122',797),
(798,'A122',798),
(799,'A123',799),
(800,'A121',800),
(801,'A124',801),
(802,'A121',802),
(803,'A122',803),
(804,'A123',804),
(805,'A121',805),
(806,'A123',806),
(807,'A121',807),
(808,'A121',808),
(809,'A124',809),
(810,'A121',810),
(811,'A121',811),
(812,'A121',812),
(813,'A123',813),
(814,'A123',814),
(815,'A124',815),
(816,'A122',816),
(817,'A121',817),
(818,'A123',818),
(819,'A123',819),
(820,'A121',820),
(821,'A121',821),
(822,'A123',822),
(823,'A122',823),
(824,'A121',824),
(825,'A123',825),
(826,'A123',826),
(827,'A121',827),
(828,'A123',828),
(829,'A124',829),
(830,'A124',830),
(831,'A123',831),
(832,'A123',832),
(833,'A123',833),
(834,'A123',834),
(835,'A121',835),
(836,'A123',836),
(837,'A123',837),
(838,'A121',838),
(839,'A122',839),
(840,'A121',840),
(841,'A122',841),
(842,'A121',842),
(843,'A121',843),
(844,'A123',844),
(845,'A122',845),
(846,'A123',846),
(847,'A123',847),
(848,'A121',848),
(849,'A121',849),
(850,'A121',850),
(851,'A122',851),
(852,'A122',852),
(853,'A124',853),
(854,'A124',854),
(855,'A123',855),
(856,'A121',856),
(857,'A122',857),
(858,'A124',858),
(859,'A122',859),
(860,'A121',860),
(861,'A121',861),
(862,'A123',862),
(863,'A121',863),
(864,'A121',864),
(865,'A121',865),
(866,'A123',866),
(867,'A123',867),
(868,'A122',868),
(869,'A122',869),
(870,'A122',870),
(871,'A123',871),
(872,'A121',872),
(873,'A121',873),
(874,'A121',874),
(875,'A122',875),
(876,'A123',876),
(877,'A124',877),
(878,'A123',878),
(879,'A124',879),
(880,'A122',880),
(881,'A123',881),
(882,'A124',882),
(883,'A121',883),
(884,'A123',884),
(885,'A123',885),
(886,'A122',886),
(887,'A124',887),
(888,'A123',888),
(889,'A123',889),
(890,'A121',890),
(891,'A123',891),
(892,'A123',892),
(893,'A122',893),
(894,'A123',894),
(895,'A122',895),
(896,'A123',896),
(897,'A122',897),
(898,'A122',898),
(899,'A121',899),
(900,'A123',900),
(901,'A122',901),
(902,'A121',902),
(903,'A124',903),
(904,'A121',904),
(905,'A121',905),
(906,'A121',906),
(907,'A121',907),
(908,'A123',908),
(909,'A122',909),
(910,'A121',910),
(911,'A121',911),
(912,'A123',912),
(913,'A123',913),
(914,'A121',914),
(915,'A122',915),
(916,'A122',916),
(917,'A121',917),
(918,'A124',918),
(919,'A122',919),
(920,'A122',920),
(921,'A124',921),
(922,'A123',922),
(923,'A122',923),
(924,'A122',924),
(925,'A122',925),
(926,'A123',926),
(927,'A122',927),
(928,'A124',928),
(929,'A123',929),
(930,'A121',930),
(931,'A122',931),
(932,'A123',932),
(933,'A121',933),
(934,'A122',934),
(935,'A123',935),
(936,'A124',936),
(937,'A121',937),
(938,'A123',938),
(939,'A124',939),
(940,'A122',940),
(941,'A122',941),
(942,'A121',942),
(943,'A123',943),
(944,'A121',944),
(945,'A122',945),
(946,'A123',946),
(947,'A124',947),
(948,'A124',948),
(949,'A122',949),
(950,'A123',950),
(951,'A123',951),
(952,'A123',952),
(953,'A123',953),
(954,'A123',954),
(955,'A122',955),
(956,'A122',956),
(957,'A122',957),
(958,'A121',958),
(959,'A123',959),
(960,'A124',960),
(961,'A121',961),
(962,'A122',962),
(963,'A124',963),
(964,'A123',964),
(965,'A122',965),
(966,'A123',966),
(967,'A122',967),
(968,'A123',968),
(969,'A122',969),
(970,'A121',970),
(971,'A121',971),
(972,'A122',972),
(973,'A124',973),
(974,'A124',974),
(975,'A123',975),
(976,'A123',976),
(977,'A121',977),
(978,'A122',978),
(979,'A123',979),
(980,'A122',980),
(981,'A122',981),
(982,'A123',982),
(983,'A123',983),
(984,'A122',984),
(985,'A122',985),
(986,'A122',986),
(987,'A122',987),
(988,'A121',988),
(989,'A124',989),
(990,'A122',990),
(991,'A122',991),
(992,'A123',992),
(993,'A123',993),
(994,'A122',994),
(995,'A123',995),
(996,'A121',996),
(997,'A122',997),
(998,'A123',998),
(999,'A124',999),
(1000,'A123',1000);

INSERT INTO OTHER_INSTALLMENT_PLANS VALUES
(1,'A143',1),
(2,'A143',2),
(3,'A143',3),
(4,'A143',4),
(5,'A143',5),
(6,'A143',6),
(7,'A143',7),
(8,'A143',8),
(9,'A143',9),
(10,'A143',10),
(11,'A143',11),
(12,'A143',12),
(13,'A143',13),
(14,'A143',14),
(15,'A143',15),
(16,'A143',16),
(17,'A143',17),
(18,'A141',18),
(19,'A143',19),
(20,'A143',20),
(21,'A143',21),
(22,'A143',22),
(23,'A143',23),
(24,'A143',24),
(25,'A143',25),
(26,'A141',26),
(27,'A143',27),
(28,'A143',28),
(29,'A143',29),
(30,'A143',30),
(31,'A141',31),
(32,'A142',32),
(33,'A143',33),
(34,'A143',34),
(35,'A141',35),
(36,'A143',36),
(37,'A141',37),
(38,'A142',38),
(39,'A143',39),
(40,'A143',40),
(41,'A141',41),
(42,'A143',42),
(43,'A143',43),
(44,'A143',44),
(45,'A142',45),
(46,'A143',46),
(47,'A143',47),
(48,'A143',48),
(49,'A143',49),
(50,'A143',50),
(51,'A141',51),
(52,'A143',52),
(53,'A143',53),
(54,'A143',54),
(55,'A141',55),
(56,'A142',56),
(57,'A143',57),
(58,'A142',58),
(59,'A143',59),
(60,'A143',60),
(61,'A141',61),
(62,'A143',62),
(63,'A143',63),
(64,'A143',64),
(65,'A143',65),
(66,'A143',66),
(67,'A141',67),
(68,'A143',68),
(69,'A142',69),
(70,'A143',70),
(71,'A141',71),
(72,'A143',72),
(73,'A141',73),
(74,'A141',74),
(75,'A143',75),
(76,'A143',76),
(77,'A143',77),
(78,'A143',78),
(79,'A143',79),
(80,'A143',80),
(81,'A143',81),
(82,'A142',82),
(83,'A143',83),
(84,'A143',84),
(85,'A143',85),
(86,'A143',86),
(87,'A143',87),
(88,'A143',88),
(89,'A143',89),
(90,'A143',90),
(91,'A143',91),
(92,'A143',92),
(93,'A141',93),
(94,'A143',94),
(95,'A143',95),
(96,'A143',96),
(97,'A143',97),
(98,'A143',98),
(99,'A143',99),
(100,'A141',100),
(101,'A143',101),
(102,'A143',102),
(103,'A143',103),
(104,'A143',104),
(105,'A143',105),
(106,'A143',106),
(107,'A141',107),
(108,'A143',108),
(109,'A143',109),
(110,'A143',110),
(111,'A141',111),
(112,'A143',112),
(113,'A143',113),
(114,'A142',114),
(115,'A143',115),
(116,'A143',116),
(117,'A143',117),
(118,'A143',118),
(119,'A143',119),
(120,'A143',120),
(121,'A143',121),
(122,'A143',122),
(123,'A143',123),
(124,'A143',124),
(125,'A143',125),
(126,'A143',126),
(127,'A143',127),
(128,'A143',128),
(129,'A143',129),
(130,'A143',130),
(131,'A143',131),
(132,'A142',132),
(133,'A141',133),
(134,'A141',134),
(135,'A143',135),
(136,'A143',136),
(137,'A143',137),
(138,'A143',138),
(139,'A141',139),
(140,'A143',140),
(141,'A143',141),
(142,'A143',142),
(143,'A143',143),
(144,'A143',144),
(145,'A143',145),
(146,'A143',146),
(147,'A143',147),
(148,'A143',148),
(149,'A143',149),
(150,'A143',150),
(151,'A141',151),
(152,'A143',152),
(153,'A143',153),
(154,'A143',154),
(155,'A143',155),
(156,'A143',156),
(157,'A143',157),
(158,'A141',158),
(159,'A141',159),
(160,'A143',160),
(161,'A143',161),
(162,'A143',162),
(163,'A143',163),
(164,'A141',164),
(165,'A143',165),
(166,'A143',166),
(167,'A143',167),
(168,'A143',168),
(169,'A143',169),
(170,'A143',170),
(171,'A143',171),
(172,'A143',172),
(173,'A143',173),
(174,'A143',174),
(175,'A143',175),
(176,'A141',176),
(177,'A143',177),
(178,'A143',178),
(179,'A143',179),
(180,'A143',180),
(181,'A143',181),
(182,'A142',182),
(183,'A143',183),
(184,'A143',184),
(185,'A141',185),
(186,'A143',186),
(187,'A141',187),
(188,'A143',188),
(189,'A143',189),
(190,'A141',190),
(191,'A143',191),
(192,'A143',192),
(193,'A143',193),
(194,'A143',194),
(195,'A143',195),
(196,'A143',196),
(197,'A143',197),
(198,'A141',198),
(199,'A141',199),
(200,'A143',200),
(201,'A143',201),
(202,'A143',202),
(203,'A143',203),
(204,'A143',204),
(205,'A143',205),
(206,'A143',206),
(207,'A143',207),
(208,'A143',208),
(209,'A142',209),
(210,'A143',210),
(211,'A143',211),
(212,'A143',212),
(213,'A142',213),
(214,'A143',214),
(215,'A143',215),
(216,'A143',216),
(217,'A141',217),
(218,'A143',218),
(219,'A143',219),
(220,'A143',220),
(221,'A141',221),
(222,'A141',222),
(223,'A141',223),
(224,'A143',224),
(225,'A143',225),
(226,'A143',226),
(227,'A141',227),
(228,'A143',228),
(229,'A143',229),
(230,'A141',230),
(231,'A143',231),
(232,'A143',232),
(233,'A143',233),
(234,'A143',234),
(235,'A143',235),
(236,'A142',236),
(237,'A143',237),
(238,'A141',238),
(239,'A143',239),
(240,'A143',240),
(241,'A141',241),
(242,'A143',242),
(243,'A143',243),
(244,'A143',244),
(245,'A143',245),
(246,'A143',246),
(247,'A143',247),
(248,'A141',248),
(249,'A143',249),
(250,'A143',250),
(251,'A143',251),
(252,'A143',252),
(253,'A141',253),
(254,'A143',254),
(255,'A143',255),
(256,'A143',256),
(257,'A143',257),
(258,'A143',258),
(259,'A143',259),
(260,'A143',260),
(261,'A143',261),
(262,'A143',262),
(263,'A143',263),
(264,'A141',264),
(265,'A143',265),
(266,'A143',266),
(267,'A143',267),
(268,'A142',268),
(269,'A143',269),
(270,'A143',270),
(271,'A143',271),
(272,'A143',272),
(273,'A143',273),
(274,'A143',274),
(275,'A143',275),
(276,'A143',276),
(277,'A143',277),
(278,'A143',278),
(279,'A143',279),
(280,'A143',280),
(281,'A143',281),
(282,'A143',282),
(283,'A141',283),
(284,'A143',284),
(285,'A143',285),
(286,'A143',286),
(287,'A143',287),
(288,'A143',288),
(289,'A143',289),
(290,'A142',290),
(291,'A143',291),
(292,'A143',292),
(293,'A143',293),
(294,'A143',294),
(295,'A141',295),
(296,'A143',296),
(297,'A143',297),
(298,'A143',298),
(299,'A143',299),
(300,'A143',300),
(301,'A143',301),
(302,'A143',302),
(303,'A141',303),
(304,'A143',304),
(305,'A141',305),
(306,'A143',306),
(307,'A142',307),
(308,'A143',308),
(309,'A143',309),
(310,'A143',310),
(311,'A141',311),
(312,'A142',312),
(313,'A143',313),
(314,'A141',314),
(315,'A143',315),
(316,'A141',316),
(317,'A143',317),
(318,'A143',318),
(319,'A143',319),
(320,'A143',320),
(321,'A143',321),
(322,'A143',322),
(323,'A143',323),
(324,'A143',324),
(325,'A143',325),
(326,'A143',326),
(327,'A143',327),
(328,'A143',328),
(329,'A143',329),
(330,'A143',330),
(331,'A143',331),
(332,'A143',332),
(333,'A143',333),
(334,'A141',334),
(335,'A141',335),
(336,'A143',336),
(337,'A143',337),
(338,'A143',338),
(339,'A143',339),
(340,'A143',340),
(341,'A143',341),
(342,'A143',342),
(343,'A143',343),
(344,'A141',344),
(345,'A143',345),
(346,'A143',346),
(347,'A143',347),
(348,'A143',348),
(349,'A143',349),
(350,'A143',350),
(351,'A143',351),
(352,'A143',352),
(353,'A143',353),
(354,'A143',354),
(355,'A143',355),
(356,'A142',356),
(357,'A143',357),
(358,'A143',358),
(359,'A143',359),
(360,'A143',360),
(361,'A143',361),
(362,'A143',362),
(363,'A142',363),
(364,'A143',364),
(365,'A143',365),
(366,'A143',366),
(367,'A143',367),
(368,'A143',368),
(369,'A143',369),
(370,'A143',370),
(371,'A143',371),
(372,'A143',372),
(373,'A143',373),
(374,'A141',374),
(375,'A141',375),
(376,'A143',376),
(377,'A143',377),
(378,'A143',378),
(379,'A143',379),
(380,'A143',380),
(381,'A143',381),
(382,'A143',382),
(383,'A143',383),
(384,'A143',384),
(385,'A143',385),
(386,'A143',386),
(387,'A143',387),
(388,'A142',388),
(389,'A141',389),
(390,'A143',390),
(391,'A143',391),
(392,'A143',392),
(393,'A141',393),
(394,'A143',394),
(395,'A143',395),
(396,'A143',396),
(397,'A143',397),
(398,'A143',398),
(399,'A143',399),
(400,'A143',400),
(401,'A143',401),
(402,'A141',402),
(403,'A141',403),
(404,'A143',404),
(405,'A143',405),
(406,'A143',406),
(407,'A143',407),
(408,'A143',408),
(409,'A143',409),
(410,'A143',410),
(411,'A143',411),
(412,'A143',412),
(413,'A142',413),
(414,'A143',414),
(415,'A143',415),
(416,'A143',416),
(417,'A143',417),
(418,'A143',418),
(419,'A141',419),
(420,'A143',420),
(421,'A143',421),
(422,'A143',422),
(423,'A143',423),
(424,'A143',424),
(425,'A141',425),
(426,'A143',426),
(427,'A143',427),
(428,'A143',428),
(429,'A143',429),
(430,'A143',430),
(431,'A143',431),
(432,'A141',432),
(433,'A143',433),
(434,'A143',434),
(435,'A143',435),
(436,'A143',436),
(437,'A143',437),
(438,'A143',438),
(439,'A143',439),
(440,'A143',440),
(441,'A143',441),
(442,'A143',442),
(443,'A141',443),
(444,'A141',444),
(445,'A143',445),
(446,'A143',446),
(447,'A143',447),
(448,'A143',448),
(449,'A143',449),
(450,'A142',450),
(451,'A143',451),
(452,'A143',452),
(453,'A143',453),
(454,'A143',454),
(455,'A143',455),
(456,'A143',456),
(457,'A143',457),
(458,'A143',458),
(459,'A143',459),
(460,'A143',460),
(461,'A143',461),
(462,'A143',462),
(463,'A143',463),
(464,'A143',464),
(465,'A142',465),
(466,'A141',466),
(467,'A143',467),
(468,'A141',468),
(469,'A143',469),
(470,'A143',470),
(471,'A143',471),
(472,'A143',472),
(473,'A143',473),
(474,'A143',474),
(475,'A143',475),
(476,'A143',476),
(477,'A143',477),
(478,'A141',478),
(479,'A143',479),
(480,'A143',480),
(481,'A143',481),
(482,'A143',482),
(483,'A143',483),
(484,'A143',484),
(485,'A143',485),
(486,'A143',486),
(487,'A143',487),
(488,'A143',488),
(489,'A143',489),
(490,'A143',490),
(491,'A143',491),
(492,'A143',492),
(493,'A143',493),
(494,'A143',494),
(495,'A143',495),
(496,'A143',496),
(497,'A143',497),
(498,'A143',498),
(499,'A143',499),
(500,'A143',500),
(501,'A143',501),
(502,'A143',502),
(503,'A143',503),
(504,'A141',504),
(505,'A143',505),
(506,'A143',506),
(507,'A143',507),
(508,'A143',508),
(509,'A143',509),
(510,'A143',510),
(511,'A143',511),
(512,'A143',512),
(513,'A143',513),
(514,'A143',514),
(515,'A143',515),
(516,'A143',516),
(517,'A143',517),
(518,'A143',518),
(519,'A143',519),
(520,'A143',520),
(521,'A143',521),
(522,'A143',522),
(523,'A143',523),
(524,'A143',524),
(525,'A143',525),
(526,'A143',526),
(527,'A143',527),
(528,'A143',528),
(529,'A143',529),
(530,'A143',530),
(531,'A143',531),
(532,'A143',532),
(533,'A143',533),
(534,'A143',534),
(535,'A143',535),
(536,'A143',536),
(537,'A143',537),
(538,'A143',538),
(539,'A141',539),
(540,'A142',540),
(541,'A143',541),
(542,'A143',542),
(543,'A143',543),
(544,'A143',544),
(545,'A143',545),
(546,'A143',546),
(547,'A143',547),
(548,'A141',548),
(549,'A141',549),
(550,'A143',550),
(551,'A143',551),
(552,'A141',552),
(553,'A143',553),
(554,'A143',554),
(555,'A143',555),
(556,'A142',556),
(557,'A143',557),
(558,'A141',558),
(559,'A141',559),
(560,'A143',560),
(561,'A141',561),
(562,'A141',562),
(563,'A141',563),
(564,'A143',564),
(565,'A141',565),
(566,'A143',566),
(567,'A143',567),
(568,'A143',568),
(569,'A143',569),
(570,'A143',570),
(571,'A143',571),
(572,'A143',572),
(573,'A143',573),
(574,'A143',574),
(575,'A143',575),
(576,'A141',576),
(577,'A143',577),
(578,'A143',578),
(579,'A143',579),
(580,'A143',580),
(581,'A141',581),
(582,'A141',582),
(583,'A143',583),
(584,'A143',584),
(585,'A143',585),
(586,'A141',586),
(587,'A143',587),
(588,'A143',588),
(589,'A143',589),
(590,'A143',590),
(591,'A143',591),
(592,'A143',592),
(593,'A141',593),
(594,'A143',594),
(595,'A142',595),
(596,'A142',596),
(597,'A143',597),
(598,'A143',598),
(599,'A141',599),
(600,'A143',600),
(601,'A143',601),
(602,'A143',602),
(603,'A141',603),
(604,'A143',604),
(605,'A143',605),
(606,'A142',606),
(607,'A143',607),
(608,'A143',608),
(609,'A143',609),
(610,'A141',610),
(611,'A143',611),
(612,'A143',612),
(613,'A141',613),
(614,'A141',614),
(615,'A143',615),
(616,'A141',616),
(617,'A143',617),
(618,'A143',618),
(619,'A143',619),
(620,'A143',620),
(621,'A143',621),
(622,'A141',622),
(623,'A141',623),
(624,'A143',624),
(625,'A143',625),
(626,'A143',626),
(627,'A143',627),
(628,'A143',628),
(629,'A143',629),
(630,'A143',630),
(631,'A143',631),
(632,'A141',632),
(633,'A143',633),
(634,'A143',634),
(635,'A143',635),
(636,'A141',636),
(637,'A143',637),
(638,'A143',638),
(639,'A143',639),
(640,'A141',640),
(641,'A143',641),
(642,'A143',642),
(643,'A143',643),
(644,'A143',644),
(645,'A143',645),
(646,'A143',646),
(647,'A143',647),
(648,'A143',648),
(649,'A141',649),
(650,'A143',650),
(651,'A143',651),
(652,'A143',652),
(653,'A143',653),
(654,'A143',654),
(655,'A143',655),
(656,'A143',656),
(657,'A141',657),
(658,'A142',658),
(659,'A143',659),
(660,'A143',660),
(661,'A143',661),
(662,'A143',662),
(663,'A143',663),
(664,'A142',664),
(665,'A143',665),
(666,'A141',666),
(667,'A142',667),
(668,'A142',668),
(669,'A143',669),
(670,'A143',670),
(671,'A143',671),
(672,'A143',672),
(673,'A143',673),
(674,'A143',674),
(675,'A141',675),
(676,'A143',676),
(677,'A143',677),
(678,'A143',678),
(679,'A141',679),
(680,'A143',680),
(681,'A143',681),
(682,'A143',682),
(683,'A141',683),
(684,'A143',684),
(685,'A143',685),
(686,'A143',686),
(687,'A143',687),
(688,'A143',688),
(689,'A143',689),
(690,'A143',690),
(691,'A143',691),
(692,'A143',692),
(693,'A143',693),
(694,'A143',694),
(695,'A143',695),
(696,'A143',696),
(697,'A143',697),
(698,'A143',698),
(699,'A143',699),
(700,'A143',700),
(701,'A143',701),
(702,'A143',702),
(703,'A143',703),
(704,'A142',704),
(705,'A143',705),
(706,'A143',706),
(707,'A143',707),
(708,'A143',708),
(709,'A143',709),
(710,'A143',710),
(711,'A141',711),
(712,'A143',712),
(713,'A143',713),
(714,'A143',714),
(715,'A143',715),
(716,'A143',716),
(717,'A143',717),
(718,'A143',718),
(719,'A143',719),
(720,'A141',720),
(721,'A143',721),
(722,'A141',722),
(723,'A143',723),
(724,'A143',724),
(725,'A143',725),
(726,'A141',726),
(727,'A143',727),
(728,'A141',728),
(729,'A143',729),
(730,'A143',730),
(731,'A143',731),
(732,'A143',732),
(733,'A143',733),
(734,'A143',734),
(735,'A143',735),
(736,'A141',736),
(737,'A143',737),
(738,'A143',738),
(739,'A143',739),
(740,'A143',740),
(741,'A141',741),
(742,'A142',742),
(743,'A143',743),
(744,'A142',744),
(745,'A143',745),
(746,'A141',746),
(747,'A143',747),
(748,'A143',748),
(749,'A143',749),
(750,'A143',750),
(751,'A141',751),
(752,'A143',752),
(753,'A143',753),
(754,'A143',754),
(755,'A143',755),
(756,'A143',756),
(757,'A143',757),
(758,'A143',758),
(759,'A143',759),
(760,'A143',760),
(761,'A143',761),
(762,'A143',762),
(763,'A143',763),
(764,'A143',764),
(765,'A143',765),
(766,'A141',766),
(767,'A143',767),
(768,'A143',768),
(769,'A143',769),
(770,'A143',770),
(771,'A143',771),
(772,'A143',772),
(773,'A143',773),
(774,'A141',774),
(775,'A141',775),
(776,'A143',776),
(777,'A143',777),
(778,'A143',778),
(779,'A143',779),
(780,'A143',780),
(781,'A143',781),
(782,'A143',782),
(783,'A143',783),
(784,'A141',784),
(785,'A143',785),
(786,'A143',786),
(787,'A143',787),
(788,'A143',788),
(789,'A143',789),
(790,'A141',790),
(791,'A143',791),
(792,'A143',792),
(793,'A143',793),
(794,'A143',794),
(795,'A143',795),
(796,'A143',796),
(797,'A143',797),
(798,'A143',798),
(799,'A143',799),
(800,'A143',800),
(801,'A143',801),
(802,'A141',802),
(803,'A143',803),
(804,'A143',804),
(805,'A143',805),
(806,'A143',806),
(807,'A143',807),
(808,'A143',808),
(809,'A141',809),
(810,'A143',810),
(811,'A143',811),
(812,'A141',812),
(813,'A143',813),
(814,'A143',814),
(815,'A143',815),
(816,'A143',816),
(817,'A143',817),
(818,'A143',818),
(819,'A143',819),
(820,'A141',820),
(821,'A143',821),
(822,'A143',822),
(823,'A141',823),
(824,'A143',824),
(825,'A143',825),
(826,'A143',826),
(827,'A141',827),
(828,'A142',828),
(829,'A143',829),
(830,'A143',830),
(831,'A143',831),
(832,'A143',832),
(833,'A143',833),
(834,'A143',834),
(835,'A143',835),
(836,'A141',836),
(837,'A143',837),
(838,'A143',838),
(839,'A143',839),
(840,'A143',840),
(841,'A143',841),
(842,'A142',842),
(843,'A143',843),
(844,'A141',844),
(845,'A141',845),
(846,'A143',846),
(847,'A143',847),
(848,'A143',848),
(849,'A143',849),
(850,'A142',850),
(851,'A141',851),
(852,'A143',852),
(853,'A143',853),
(854,'A143',854),
(855,'A143',855),
(856,'A143',856),
(857,'A143',857),
(858,'A143',858),
(859,'A143',859),
(860,'A143',860),
(861,'A143',861),
(862,'A143',862),
(863,'A143',863),
(864,'A142',864),
(865,'A141',865),
(866,'A143',866),
(867,'A142',867),
(868,'A142',868),
(869,'A143',869),
(870,'A143',870),
(871,'A143',871),
(872,'A143',872),
(873,'A143',873),
(874,'A143',874),
(875,'A143',875),
(876,'A143',876),
(877,'A141',877),
(878,'A143',878),
(879,'A143',879),
(880,'A143',880),
(881,'A143',881),
(882,'A143',882),
(883,'A143',883),
(884,'A143',884),
(885,'A143',885),
(886,'A143',886),
(887,'A143',887),
(888,'A143',888),
(889,'A143',889),
(890,'A141',890),
(891,'A142',891),
(892,'A143',892),
(893,'A141',893),
(894,'A143',894),
(895,'A143',895),
(896,'A142',896),
(897,'A143',897),
(898,'A143',898),
(899,'A141',899),
(900,'A143',900),
(901,'A141',901),
(902,'A143',902),
(903,'A143',903),
(904,'A143',904),
(905,'A143',905),
(906,'A143',906),
(907,'A143',907),
(908,'A143',908),
(909,'A143',909),
(910,'A143',910),
(911,'A143',911),
(912,'A141',912),
(913,'A143',913),
(914,'A143',914),
(915,'A143',915),
(916,'A141',916),
(917,'A143',917),
(918,'A141',918),
(919,'A143',919),
(920,'A143',920),
(921,'A143',921),
(922,'A143',922),
(923,'A143',923),
(924,'A143',924),
(925,'A141',925),
(926,'A141',926),
(927,'A143',927),
(928,'A142',928),
(929,'A143',929),
(930,'A143',930),
(931,'A143',931),
(932,'A143',932),
(933,'A143',933),
(934,'A143',934),
(935,'A141',935),
(936,'A142',936),
(937,'A143',937),
(938,'A143',938),
(939,'A143',939),
(940,'A143',940),
(941,'A143',941),
(942,'A143',942),
(943,'A142',943),
(944,'A143',944),
(945,'A143',945),
(946,'A143',946),
(947,'A143',947),
(948,'A143',948),
(949,'A143',949),
(950,'A143',950),
(951,'A143',951),
(952,'A143',952),
(953,'A143',953),
(954,'A143',954),
(955,'A143',955),
(956,'A143',956),
(957,'A142',957),
(958,'A143',958),
(959,'A143',959),
(960,'A143',960),
(961,'A143',961),
(962,'A143',962),
(963,'A143',963),
(964,'A141',964),
(965,'A143',965),
(966,'A143',966),
(967,'A143',967),
(968,'A141',968),
(969,'A143',969),
(970,'A143',970),
(971,'A143',971),
(972,'A143',972),
(973,'A143',973),
(974,'A143',974),
(975,'A143',975),
(976,'A143',976),
(977,'A143',977),
(978,'A143',978),
(979,'A143',979),
(980,'A143',980),
(981,'A143',981),
(982,'A141',982),
(983,'A141',983),
(984,'A143',984),
(985,'A143',985),
(986,'A143',986),
(987,'A143',987),
(988,'A143',988),
(989,'A143',989),
(990,'A143',990),
(991,'A143',991),
(992,'A141',992),
(993,'A143',993),
(994,'A143',994),
(995,'A143',995),
(996,'A143',996),
(997,'A143',997),
(998,'A143',998),
(999,'A143',999),
(1000,'A143',1000);

INSERT INTO HOUSING VALUES
(1,'A152',4,1),
(2,'A152',2,2),
(3,'A152',3,3),
(4,'A153',4,4),
(5,'A153',4,5),
(6,'A153',4,6),
(7,'A152',4,7),
(8,'A151',2,8),
(9,'A152',4,9),
(10,'A152',2,10),
(11,'A151',1,11),
(12,'A151',4,12),
(13,'A152',1,13),
(14,'A152',4,14),
(15,'A151',4,15),
(16,'A152',2,16),
(17,'A152',4,17),
(18,'A152',3,18),
(19,'A153',2,19),
(20,'A152',2,20),
(21,'A152',4,21),
(22,'A151',3,22),
(23,'A151',3,23),
(24,'A152',4,24),
(25,'A152',1,25),
(26,'A152',2,26),
(27,'A152',4,27),
(28,'A151',3,28),
(29,'A152',2,29),
(30,'A152',4,30),
(31,'A152',3,31),
(32,'A152',2,32),
(33,'A152',2,33),
(34,'A151',4,34),
(35,'A152',1,35),
(36,'A152',2,36),
(37,'A153',3,37),
(38,'A152',2,38),
(39,'A152',2,39),
(40,'A152',3,40),
(41,'A152',2,41),
(42,'A152',1,42),
(43,'A152',4,43),
(44,'A151',4,44),
(45,'A153',4,45),
(46,'A152',4,46),
(47,'A152',4,47),
(48,'A151',2,48),
(49,'A152',4,49),
(50,'A152',2,50),
(51,'A152',2,51),
(52,'A152',2,52),
(53,'A152',2,53),
(54,'A152',1,54),
(55,'A153',4,55),
(56,'A152',2,56),
(57,'A152',1,57),
(58,'A152',2,58),
(59,'A152',2,59),
(60,'A151',4,60),
(61,'A152',1,61),
(62,'A152',4,62),
(63,'A153',4,63),
(64,'A152',2,64),
(65,'A152',4,65),
(66,'A152',4,66),
(67,'A152',2,67),
(68,'A152',1,68),
(69,'A153',4,69),
(70,'A152',4,70),
(71,'A152',2,71),
(72,'A151',2,72),
(73,'A153',4,73),
(74,'A152',1,74),
(75,'A152',4,75),
(76,'A153',4,76),
(77,'A152',3,77),
(78,'A152',4,78),
(79,'A152',2,79),
(80,'A152',1,80),
(81,'A152',1,81),
(82,'A152',3,82),
(83,'A151',4,83),
(84,'A152',4,84),
(85,'A152',4,85),
(86,'A152',2,86),
(87,'A152',1,87),
(88,'A153',4,88),
(89,'A152',3,89),
(90,'A152',3,90),
(91,'A152',4,91),
(92,'A152',3,92),
(93,'A152',3,93),
(94,'A151',4,94),
(95,'A152',4,95),
(96,'A151',4,96),
(97,'A152',2,97),
(98,'A152',4,98),
(99,'A152',4,99),
(100,'A151',4,100),
(101,'A151',4,101),
(102,'A151',4,102),
(103,'A152',2,103),
(104,'A151',3,104),
(105,'A151',4,105),
(106,'A152',3,106),
(107,'A152',4,107),
(108,'A152',2,108),
(109,'A152',2,109),
(110,'A152',2,110),
(111,'A152',2,111),
(112,'A151',4,112),
(113,'A151',3,113),
(114,'A152',2,114),
(115,'A152',1,115),
(116,'A152',1,116),
(117,'A152',3,117),
(118,'A151',3,118),
(119,'A152',4,119),
(120,'A152',3,120),
(121,'A152',2,121),
(122,'A151',2,122),
(123,'A151',2,123),
(124,'A153',4,124),
(125,'A151',3,125),
(126,'A152',2,126),
(127,'A152',2,127),
(128,'A152',2,128),
(129,'A152',2,129),
(130,'A152',2,130),
(131,'A152',2,131),
(132,'A152',3,132),
(133,'A152',3,133),
(134,'A153',4,134),
(135,'A152',4,135),
(136,'A152',2,136),
(137,'A152',2,137),
(138,'A152',3,138),
(139,'A152',2,139),
(140,'A151',2,140),
(141,'A152',2,141),
(142,'A152',1,142),
(143,'A152',2,143),
(144,'A152',2,144),
(145,'A152',4,145),
(146,'A152',2,146),
(147,'A152',4,147),
(148,'A152',3,148),
(149,'A152',2,149),
(150,'A152',4,150),
(151,'A153',4,151),
(152,'A152',4,152),
(153,'A152',1,153),
(154,'A151',4,154),
(155,'A151',4,155),
(156,'A151',4,156),
(157,'A152',4,157),
(158,'A152',1,158),
(159,'A152',3,159),
(160,'A152',2,160),
(161,'A152',4,161),
(162,'A152',1,162),
(163,'A152',3,163),
(164,'A153',4,164),
(165,'A152',4,165),
(166,'A152',2,166),
(167,'A152',2,167),
(168,'A152',1,168),
(169,'A151',4,169),
(170,'A152',4,170),
(171,'A151',3,171),
(172,'A152',1,172),
(173,'A152',2,173),
(174,'A152',2,174),
(175,'A152',1,175),
(176,'A152',1,176),
(177,'A152',1,177),
(178,'A152',4,178),
(179,'A151',2,179),
(180,'A152',4,180),
(181,'A152',1,181),
(182,'A152',2,182),
(183,'A152',2,183),
(184,'A152',4,184),
(185,'A152',4,185),
(186,'A152',2,186),
(187,'A153',4,187),
(188,'A153',3,188),
(189,'A152',1,189),
(190,'A152',4,190),
(191,'A152',3,191),
(192,'A153',4,192),
(193,'A152',2,193),
(194,'A151',2,194),
(195,'A151',4,195),
(196,'A152',3,196),
(197,'A152',1,197),
(198,'A151',4,198),
(199,'A153',4,199),
(200,'A152',3,200),
(201,'A152',2,201),
(202,'A152',3,202),
(203,'A152',4,203),
(204,'A151',4,204),
(205,'A152',1,205),
(206,'A153',4,206),
(207,'A152',4,207),
(208,'A152',3,208),
(209,'A152',2,209),
(210,'A152',2,210),
(211,'A152',2,211),
(212,'A152',4,212),
(213,'A152',4,213),
(214,'A152',4,214),
(215,'A152',2,215),
(216,'A152',3,216),
(217,'A152',1,217),
(218,'A152',2,218),
(219,'A151',2,219),
(220,'A152',4,220),
(221,'A152',1,221),
(222,'A151',4,222),
(223,'A152',2,223),
(224,'A152',4,224),
(225,'A152',2,225),
(226,'A152',2,226),
(227,'A152',2,227),
(228,'A153',4,228),
(229,'A152',2,229),
(230,'A153',1,230),
(231,'A152',2,231),
(232,'A153',4,232),
(233,'A152',1,233),
(234,'A152',2,234),
(235,'A152',1,235),
(236,'A152',2,236),
(237,'A152',2,237),
(238,'A151',2,238),
(239,'A152',2,239),
(240,'A152',3,240),
(241,'A152',2,241),
(242,'A152',2,242),
(243,'A153',4,243),
(244,'A152',2,244),
(245,'A152',3,245),
(246,'A152',1,246),
(247,'A152',4,247),
(248,'A151',1,248),
(249,'A152',2,249),
(250,'A151',4,250),
(251,'A152',4,251),
(252,'A152',2,252),
(253,'A152',2,253),
(254,'A152',3,254),
(255,'A152',1,255),
(256,'A152',1,256),
(257,'A152',2,257),
(258,'A153',1,258),
(259,'A152',4,259),
(260,'A152',4,260),
(261,'A152',2,261),
(262,'A152',4,262),
(263,'A153',4,263),
(264,'A153',4,264),
(265,'A152',4,265),
(266,'A152',3,266),
(267,'A152',4,267),
(268,'A152',3,268),
(269,'A152',4,269),
(270,'A152',2,270),
(271,'A152',3,271),
(272,'A151',4,272),
(273,'A153',4,273),
(274,'A152',4,274),
(275,'A152',1,275),
(276,'A152',2,276),
(277,'A152',2,277),
(278,'A152',4,278),
(279,'A152',4,279),
(280,'A151',4,280),
(281,'A151',4,281),
(282,'A152',2,282),
(283,'A152',4,283),
(284,'A152',4,284),
(285,'A152',2,285),
(286,'A152',1,286),
(287,'A152',3,287),
(288,'A153',4,288),
(289,'A152',4,289),
(290,'A152',4,290),
(291,'A152',2,291),
(292,'A151',4,292),
(293,'A153',4,293),
(294,'A153',4,294),
(295,'A152',2,295),
(296,'A152',2,296),
(297,'A151',4,297),
(298,'A152',2,298),
(299,'A152',4,299),
(300,'A152',2,300),
(301,'A152',4,301),
(302,'A152',1,302),
(303,'A152',2,303),
(304,'A152',3,304),
(305,'A153',2,305),
(306,'A152',2,306),
(307,'A151',4,307),
(308,'A152',3,308),
(309,'A152',4,309),
(310,'A151',4,310),
(311,'A153',4,311),
(312,'A152',1,312),
(313,'A152',4,313),
(314,'A152',3,314),
(315,'A152',2,315),
(316,'A152',4,316),
(317,'A152',3,317),
(318,'A152',4,318),
(319,'A152',2,319),
(320,'A152',4,320),
(321,'A152',2,321),
(322,'A152',3,322),
(323,'A153',1,323),
(324,'A152',2,324),
(325,'A152',3,325),
(326,'A152',4,326),
(327,'A151',4,327),
(328,'A152',3,328),
(329,'A152',2,329),
(330,'A152',4,330),
(331,'A153',4,331),
(332,'A152',2,332),
(333,'A152',2,333),
(334,'A151',4,334),
(335,'A151',4,335),
(336,'A151',4,336),
(337,'A152',4,337),
(338,'A151',2,338),
(339,'A152',4,339),
(340,'A152',2,340),
(341,'A153',4,341),
(342,'A151',4,342),
(343,'A151',3,343),
(344,'A152',1,344),
(345,'A152',1,345),
(346,'A152',2,346),
(347,'A152',4,347),
(348,'A151',4,348),
(349,'A152',2,349),
(350,'A153',3,350),
(351,'A151',4,351),
(352,'A152',2,352),
(353,'A152',4,353),
(354,'A151',2,354),
(355,'A153',4,355),
(356,'A152',2,356),
(357,'A152',4,357),
(358,'A152',2,358),
(359,'A152',2,359),
(360,'A151',4,360),
(361,'A153',4,361),
(362,'A152',3,362),
(363,'A152',2,363),
(364,'A151',2,364),
(365,'A152',1,365),
(366,'A152',4,366),
(367,'A152',1,367),
(368,'A151',4,368),
(369,'A152',2,369),
(370,'A151',4,370),
(371,'A152',4,371),
(372,'A152',4,372),
(373,'A151',3,373),
(374,'A153',4,374),
(375,'A153',4,375),
(376,'A151',4,376),
(377,'A152',3,377),
(378,'A153',4,378),
(379,'A153',2,379),
(380,'A152',4,380),
(381,'A152',4,381),
(382,'A153',4,382),
(383,'A151',4,383),
(384,'A152',1,384),
(385,'A152',2,385),
(386,'A152',1,386),
(387,'A151',2,387),
(388,'A152',4,388),
(389,'A152',4,389),
(390,'A152',2,390),
(391,'A152',2,391),
(392,'A151',4,392),
(393,'A153',4,393),
(394,'A152',4,394),
(395,'A152',3,395),
(396,'A151',3,396),
(397,'A153',4,397),
(398,'A152',2,398),
(399,'A151',1,399),
(400,'A152',1,400),
(401,'A152',4,401),
(402,'A152',4,402),
(403,'A152',2,403),
(404,'A152',2,404),
(405,'A152',4,405),
(406,'A152',1,406),
(407,'A152',4,407),
(408,'A152',2,408),
(409,'A152',2,409),
(410,'A152',2,410),
(411,'A152',4,411),
(412,'A152',2,412),
(413,'A152',2,413),
(414,'A151',2,414),
(415,'A152',2,415),
(416,'A152',2,416),
(417,'A152',1,417),
(418,'A151',2,418),
(419,'A152',2,419),
(420,'A152',2,420),
(421,'A151',3,421),
(422,'A152',2,422),
(423,'A152',3,423),
(424,'A152',3,424),
(425,'A152',2,425),
(426,'A151',3,426),
(427,'A152',2,427),
(428,'A152',3,428),
(429,'A152',4,429),
(430,'A153',4,430),
(431,'A152',4,431),
(432,'A152',3,432),
(433,'A153',4,433),
(434,'A152',2,434),
(435,'A152',2,435),
(436,'A152',1,436),
(437,'A151',4,437),
(438,'A152',4,438),
(439,'A152',4,439),
(440,'A152',1,440),
(441,'A152',4,441),
(442,'A152',3,442),
(443,'A152',3,443),
(444,'A152',4,444),
(445,'A152',3,445),
(446,'A151',4,446),
(447,'A152',4,447),
(448,'A152',2,448),
(449,'A152',4,449),
(450,'A152',3,450),
(451,'A152',2,451),
(452,'A152',1,452),
(453,'A152',4,453),
(454,'A152',4,454),
(455,'A152',3,455),
(456,'A152',1,456),
(457,'A151',2,457),
(458,'A153',4,458),
(459,'A152',1,459),
(460,'A152',2,460),
(461,'A152',2,461),
(462,'A152',3,462),
(463,'A151',1,463),
(464,'A152',4,464),
(465,'A152',1,465),
(466,'A152',4,466),
(467,'A151',2,467),
(468,'A152',3,468),
(469,'A152',2,469),
(470,'A152',3,470),
(471,'A151',2,471),
(472,'A152',4,472),
(473,'A152',3,473),
(474,'A152',4,474),
(475,'A152',2,475),
(476,'A151',4,476),
(477,'A152',4,477),
(478,'A152',2,478),
(479,'A152',4,479),
(480,'A152',4,480),
(481,'A152',1,481),
(482,'A152',1,482),
(483,'A151',4,483),
(484,'A152',2,484),
(485,'A152',4,485),
(486,'A152',4,486),
(487,'A152',4,487),
(488,'A153',4,488),
(489,'A151',2,489),
(490,'A151',3,490),
(491,'A152',2,491),
(492,'A153',4,492),
(493,'A152',1,493),
(494,'A152',4,494),
(495,'A151',2,495),
(496,'A152',4,496),
(497,'A151',1,497),
(498,'A152',3,498),
(499,'A152',2,499),
(500,'A152',4,500),
(501,'A152',1,501),
(502,'A153',4,502),
(503,'A152',4,503),
(504,'A152',4,504),
(505,'A151',4,505),
(506,'A152',4,506),
(507,'A152',2,507),
(508,'A152',2,508),
(509,'A152',2,509),
(510,'A152',2,510),
(511,'A152',2,511),
(512,'A153',2,512),
(513,'A151',4,513),
(514,'A151',4,514),
(515,'A152',1,515),
(516,'A152',3,516),
(517,'A152',4,517),
(518,'A151',4,518),
(519,'A152',2,519),
(520,'A153',4,520),
(521,'A153',4,521),
(522,'A152',2,522),
(523,'A153',4,523),
(524,'A152',4,524),
(525,'A152',4,525),
(526,'A152',3,526),
(527,'A152',3,527),
(528,'A152',1,528),
(529,'A151',4,529),
(530,'A152',4,530),
(531,'A152',1,531),
(532,'A151',4,532),
(533,'A151',4,533),
(534,'A152',3,534),
(535,'A152',2,535),
(536,'A151',1,536),
(537,'A152',3,537),
(538,'A152',4,538),
(539,'A153',4,539),
(540,'A152',1,540),
(541,'A151',1,541),
(542,'A153',4,542),
(543,'A152',4,543),
(544,'A152',1,544),
(545,'A152',4,545),
(546,'A153',2,546),
(547,'A152',4,547),
(548,'A152',1,548),
(549,'A152',4,549),
(550,'A153',1,550),
(551,'A152',4,551),
(552,'A152',4,552),
(553,'A152',1,553),
(554,'A152',1,554),
(555,'A152',4,555),
(556,'A152',1,556),
(557,'A152',3,557),
(558,'A152',4,558),
(559,'A152',4,559),
(560,'A152',2,560),
(561,'A153',4,561),
(562,'A151',4,562),
(563,'A152',1,563),
(564,'A153',4,564),
(565,'A152',2,565),
(566,'A151',2,566),
(567,'A152',3,567),
(568,'A152',2,568),
(569,'A152',1,569),
(570,'A152',2,570),
(571,'A151',4,571),
(572,'A152',2,572),
(573,'A151',4,573),
(574,'A152',4,574),
(575,'A152',4,575),
(576,'A152',3,576),
(577,'A152',1,577),
(578,'A152',2,578),
(579,'A152',4,579),
(580,'A152',3,580),
(581,'A152',3,581),
(582,'A152',3,582),
(583,'A151',2,583),
(584,'A151',1,584),
(585,'A153',4,585),
(586,'A151',4,586),
(587,'A151',2,587),
(588,'A152',1,588),
(589,'A152',3,589),
(590,'A152',3,590),
(591,'A152',3,591),
(592,'A151',4,592),
(593,'A152',4,593),
(594,'A151',4,594),
(595,'A152',3,595),
(596,'A152',1,596),
(597,'A151',4,597),
(598,'A152',4,598),
(599,'A152',2,599),
(600,'A153',2,600),
(601,'A152',1,601),
(602,'A152',1,602),
(603,'A153',4,603),
(604,'A152',2,604),
(605,'A152',2,605),
(606,'A152',4,606),
(607,'A152',2,607),
(608,'A153',4,608),
(609,'A152',1,609),
(610,'A153',4,610),
(611,'A152',3,611),
(612,'A153',4,612),
(613,'A152',2,613),
(614,'A151',4,614),
(615,'A152',1,615),
(616,'A152',2,616),
(617,'A153',2,617),
(618,'A151',3,618),
(619,'A151',4,619),
(620,'A152',2,620),
(621,'A152',3,621),
(622,'A152',2,622),
(623,'A152',2,623),
(624,'A151',1,624),
(625,'A153',4,625),
(626,'A152',2,626),
(627,'A152',2,627),
(628,'A152',3,628),
(629,'A152',4,629),
(630,'A152',4,630),
(631,'A152',4,631),
(632,'A152',3,632),
(633,'A152',1,633),
(634,'A151',2,634),
(635,'A152',4,635),
(636,'A152',4,636),
(637,'A152',1,637),
(638,'A152',4,638),
(639,'A152',3,639),
(640,'A152',2,640),
(641,'A152',1,641),
(642,'A152',4,642),
(643,'A152',2,643),
(644,'A152',2,644),
(645,'A152',1,645),
(646,'A151',4,646),
(647,'A152',2,647),
(648,'A152',2,648),
(649,'A153',3,649),
(650,'A151',4,650),
(651,'A153',1,651),
(652,'A152',2,652),
(653,'A152',1,653),
(654,'A152',4,654),
(655,'A152',3,655),
(656,'A153',4,656),
(657,'A152',4,657),
(658,'A152',3,658),
(659,'A152',1,659),
(660,'A152',1,660),
(661,'A151',4,661),
(662,'A152',2,662),
(663,'A152',2,663),
(664,'A152',1,664),
(665,'A152',4,665),
(666,'A152',2,666),
(667,'A152',2,667),
(668,'A152',1,668),
(669,'A151',4,669),
(670,'A152',4,670),
(671,'A152',3,671),
(672,'A152',2,672),
(673,'A152',4,673),
(674,'A152',2,674),
(675,'A152',2,675),
(676,'A151',4,676),
(677,'A152',4,677),
(678,'A152',2,678),
(679,'A151',4,679),
(680,'A152',1,680),
(681,'A152',2,681),
(682,'A153',4,682),
(683,'A152',3,683),
(684,'A153',3,684),
(685,'A152',3,685),
(686,'A153',4,686),
(687,'A152',2,687),
(688,'A153',3,688),
(689,'A152',4,689),
(690,'A152',3,690),
(691,'A152',3,691),
(692,'A152',2,692),
(693,'A152',1,693),
(694,'A152',3,694),
(695,'A152',2,695),
(696,'A151',4,696),
(697,'A152',3,697),
(698,'A152',2,698),
(699,'A152',2,699),
(700,'A151',4,700),
(701,'A151',4,701),
(702,'A153',4,702),
(703,'A153',2,703),
(704,'A152',2,704),
(705,'A152',1,705),
(706,'A153',4,706),
(707,'A152',2,707),
(708,'A151',3,708),
(709,'A152',4,709),
(710,'A152',2,710),
(711,'A152',3,711),
(712,'A153',4,712),
(713,'A152',4,713),
(714,'A152',4,714),
(715,'A152',2,715),
(716,'A152',4,716),
(717,'A152',2,717),
(718,'A153',2,718),
(719,'A152',2,719),
(720,'A152',4,720),
(721,'A152',2,721),
(722,'A151',2,722),
(723,'A152',2,723),
(724,'A152',3,724),
(725,'A151',3,725),
(726,'A152',2,726),
(727,'A152',2,727),
(728,'A151',4,728),
(729,'A151',3,729),
(730,'A152',4,730),
(731,'A152',2,731),
(732,'A151',4,732),
(733,'A152',2,733),
(734,'A151',4,734),
(735,'A152',1,735),
(736,'A152',2,736),
(737,'A151',4,737),
(738,'A152',4,738),
(739,'A152',3,739),
(740,'A151',4,740),
(741,'A152',3,741),
(742,'A152',4,742),
(743,'A152',3,743),
(744,'A152',4,744),
(745,'A152',4,745),
(746,'A152',1,746),
(747,'A151',4,747),
(748,'A152',1,748),
(749,'A152',3,749),
(750,'A152',2,750),
(751,'A152',1,751),
(752,'A152',2,752),
(753,'A151',4,753),
(754,'A152',2,754),
(755,'A153',4,755),
(756,'A151',4,756),
(757,'A152',1,757),
(758,'A153',4,758),
(759,'A152',2,759),
(760,'A152',3,760),
(761,'A152',4,761),
(762,'A151',4,762),
(763,'A152',3,763),
(764,'A153',4,764),
(765,'A152',3,765),
(766,'A152',3,766),
(767,'A152',4,767),
(768,'A151',4,768),
(769,'A151',4,769),
(770,'A152',4,770),
(771,'A151',4,771),
(772,'A152',2,772),
(773,'A152',4,773),
(774,'A152',4,774),
(775,'A153',4,775),
(776,'A151',4,776),
(777,'A152',4,777),
(778,'A152',1,778),
(779,'A152',2,779),
(780,'A152',4,780),
(781,'A152',2,781),
(782,'A152',4,782),
(783,'A152',2,783),
(784,'A152',2,784),
(785,'A152',4,785),
(786,'A152',2,786),
(787,'A152',4,787),
(788,'A152',3,788),
(789,'A153',4,789),
(790,'A152',3,790),
(791,'A152',4,791),
(792,'A152',4,792),
(793,'A152',2,793),
(794,'A153',4,794),
(795,'A151',3,795),
(796,'A151',4,796),
(797,'A153',4,797),
(798,'A151',4,798),
(799,'A152',4,799),
(800,'A152',2,800),
(801,'A153',4,801),
(802,'A151',4,802),
(803,'A152',4,803),
(804,'A152',4,804),
(805,'A151',2,805),
(806,'A152',1,806),
(807,'A152',3,807),
(808,'A152',4,808),
(809,'A153',2,809),
(810,'A151',1,810),
(811,'A152',2,811),
(812,'A152',3,812),
(813,'A152',4,813),
(814,'A152',4,814),
(815,'A153',4,815),
(816,'A151',2,816),
(817,'A152',4,817),
(818,'A151',2,818),
(819,'A152',3,819),
(820,'A152',3,820),
(821,'A152',2,821),
(822,'A152',1,822),
(823,'A152',2,823),
(824,'A152',4,824),
(825,'A152',2,825),
(826,'A152',3,826),
(827,'A151',4,827),
(828,'A152',2,828),
(829,'A153',4,829),
(830,'A153',4,830),
(831,'A152',2,831),
(832,'A151',3,832),
(833,'A151',4,833),
(834,'A152',4,834),
(835,'A152',3,835),
(836,'A152',4,836),
(837,'A152',2,837),
(838,'A151',3,838),
(839,'A152',4,839),
(840,'A152',3,840),
(841,'A152',2,841),
(842,'A152',2,842),
(843,'A152',4,843),
(844,'A152',4,844),
(845,'A152',4,845),
(846,'A152',3,846),
(847,'A151',4,847),
(848,'A152',2,848),
(849,'A152',4,849),
(850,'A152',4,850),
(851,'A151',2,851),
(852,'A152',4,852),
(853,'A153',4,853),
(854,'A153',4,854),
(855,'A152',2,855),
(856,'A152',3,856),
(857,'A152',3,857),
(858,'A153',2,858),
(859,'A152',2,859),
(860,'A151',2,860),
(861,'A152',2,861),
(862,'A152',2,862),
(863,'A152',4,863),
(864,'A152',2,864),
(865,'A151',2,865),
(866,'A151',4,866),
(867,'A152',1,867),
(868,'A152',4,868),
(869,'A152',2,869),
(870,'A151',4,870),
(871,'A152',4,871),
(872,'A152',4,872),
(873,'A152',1,873),
(874,'A152',1,874),
(875,'A152',2,875),
(876,'A152',4,876),
(877,'A153',4,877),
(878,'A152',2,878),
(879,'A153',2,879),
(880,'A152',3,880),
(881,'A152',3,881),
(882,'A153',4,882),
(883,'A152',4,883),
(884,'A152',4,884),
(885,'A152',3,885),
(886,'A152',4,886),
(887,'A152',3,887),
(888,'A152',2,888),
(889,'A152',4,889),
(890,'A151',4,890),
(891,'A152',4,891),
(892,'A152',4,892),
(893,'A152',4,893),
(894,'A152',4,894),
(895,'A152',3,895),
(896,'A152',2,896),
(897,'A151',4,897),
(898,'A152',2,898),
(899,'A151',4,899),
(900,'A152',3,900),
(901,'A151',4,901),
(902,'A152',4,902),
(903,'A153',4,903),
(904,'A151',2,904),
(905,'A152',1,905),
(906,'A151',2,906),
(907,'A152',2,907),
(908,'A152',2,908),
(909,'A152',2,909),
(910,'A152',2,910),
(911,'A152',4,911),
(912,'A152',4,912),
(913,'A152',4,913),
(914,'A152',2,914),
(915,'A151',2,915),
(916,'A152',2,916),
(917,'A152',2,917),
(918,'A152',4,918),
(919,'A152',1,919),
(920,'A151',2,920),
(921,'A152',2,921),
(922,'A152',1,922),
(923,'A151',4,923),
(924,'A151',4,924),
(925,'A152',1,925),
(926,'A152',2,926),
(927,'A151',4,927),
(928,'A153',4,928),
(929,'A152',4,929),
(930,'A152',2,930),
(931,'A152',1,931),
(932,'A152',2,932),
(933,'A152',1,933),
(934,'A152',4,934),
(935,'A152',1,935),
(936,'A152',3,936),
(937,'A152',2,937),
(938,'A151',3,938),
(939,'A153',4,939),
(940,'A152',4,940),
(941,'A152',3,941),
(942,'A152',2,942),
(943,'A152',2,943),
(944,'A152',1,944),
(945,'A151',1,945),
(946,'A152',1,946),
(947,'A153',4,947),
(948,'A152',4,948),
(949,'A152',1,949),
(950,'A152',4,950),
(951,'A152',3,951),
(952,'A152',1,952),
(953,'A151',4,953),
(954,'A152',2,954),
(955,'A152',4,955),
(956,'A151',4,956),
(957,'A152',4,957),
(958,'A152',4,958),
(959,'A152',2,959),
(960,'A153',4,960),
(961,'A151',2,961),
(962,'A152',4,962),
(963,'A152',2,963),
(964,'A152',2,964),
(965,'A152',1,965),
(966,'A152',1,966),
(967,'A152',2,967),
(968,'A151',2,968),
(969,'A151',4,969),
(970,'A152',2,970),
(971,'A152',2,971),
(972,'A152',4,972),
(973,'A151',4,973),
(974,'A151',4,974),
(975,'A152',2,975),
(976,'A152',3,976),
(977,'A152',3,977),
(978,'A152',2,978),
(979,'A152',4,979),
(980,'A151',2,980),
(981,'A152',2,981),
(982,'A151',2,982),
(983,'A152',1,983),
(984,'A152',2,984),
(985,'A152',2,985),
(986,'A151',3,986),
(987,'A152',1,987),
(988,'A152',4,988),
(989,'A153',2,989),
(990,'A152',2,990),
(991,'A152',1,991),
(992,'A152',4,992),
(993,'A151',4,993),
(994,'A152',3,994),
(995,'A152',3,995),
(996,'A152',4,996),
(997,'A152',4,997),
(998,'A152',4,998),
(999,'A153',4,999),
(1000,'A152',4,1000);

INSERT INTO TELEPHONE VALUES
(1,'A192',1),
(2,'A191',2),
(3,'A191',3),
(4,'A191',4),
(5,'A191',5),
(6,'A192',6),
(7,'A191',7),
(8,'A192',8),
(9,'A191',9),
(10,'A191',10),
(11,'A191',11),
(12,'A191',12),
(13,'A192',13),
(14,'A191',14),
(15,'A191',15),
(16,'A191',16),
(17,'A191',17),
(18,'A191',18),
(19,'A192',19),
(20,'A192',20),
(21,'A192',21),
(22,'A191',22),
(23,'A191',23),
(24,'A191',24),
(25,'A191',25),
(26,'A192',26),
(27,'A191',27),
(28,'A191',28),
(29,'A191',29),
(30,'A192',30),
(31,'A192',31),
(32,'A191',32),
(33,'A192',33),
(34,'A191',34),
(35,'A192',35),
(36,'A191',36),
(37,'A192',37),
(38,'A191',38),
(39,'A192',39),
(40,'A191',40),
(41,'A191',41),
(42,'A192',42),
(43,'A192',43),
(44,'A191',44),
(45,'A191',45),
(46,'A191',46),
(47,'A191',47),
(48,'A192',48),
(49,'A191',49),
(50,'A191',50),
(51,'A191',51),
(52,'A192',52),
(53,'A191',53),
(54,'A192',54),
(55,'A192',55),
(56,'A191',56),
(57,'A192',57),
(58,'A191',58),
(59,'A191',59),
(60,'A192',60),
(61,'A192',61),
(62,'A192',62),
(63,'A192',63),
(64,'A192',64),
(65,'A192',65),
(66,'A192',66),
(67,'A191',67),
(68,'A191',68),
(69,'A192',69),
(70,'A191',70),
(71,'A191',71),
(72,'A192',72),
(73,'A192',73),
(74,'A191',74),
(75,'A192',75),
(76,'A191',76),
(77,'A191',77),
(78,'A191',78),
(79,'A191',79),
(80,'A191',80),
(81,'A192',81),
(82,'A192',82),
(83,'A191',83),
(84,'A192',84),
(85,'A191',85),
(86,'A192',86),
(87,'A191',87),
(88,'A192',88),
(89,'A192',89),
(90,'A191',90),
(91,'A191',91),
(92,'A191',92),
(93,'A191',93),
(94,'A191',94),
(95,'A192',95),
(96,'A192',96),
(97,'A191',97),
(98,'A191',98),
(99,'A191',99),
(100,'A192',100),
(101,'A191',101),
(102,'A191',102),
(103,'A191',103),
(104,'A192',104),
(105,'A192',105),
(106,'A192',106),
(107,'A192',107),
(108,'A191',108),
(109,'A192',109),
(110,'A192',110),
(111,'A191',111),
(112,'A192',112),
(113,'A191',113),
(114,'A192',114),
(115,'A191',115),
(116,'A192',116),
(117,'A192',117),
(118,'A191',118),
(119,'A191',119),
(120,'A192',120),
(121,'A192',121),
(122,'A192',122),
(123,'A191',123),
(124,'A192',124),
(125,'A191',125),
(126,'A191',126),
(127,'A191',127),
(128,'A191',128),
(129,'A192',129),
(130,'A191',130),
(131,'A191',131),
(132,'A192',132),
(133,'A191',133),
(134,'A191',134),
(135,'A192',135),
(136,'A192',136),
(137,'A191',137),
(138,'A191',138),
(139,'A192',139),
(140,'A192',140),
(141,'A191',141),
(142,'A192',142),
(143,'A191',143),
(144,'A191',144),
(145,'A192',145),
(146,'A191',146),
(147,'A192',147),
(148,'A192',148),
(149,'A191',149),
(150,'A191',150),
(151,'A192',151),
(152,'A192',152),
(153,'A191',153),
(154,'A191',154),
(155,'A192',155),
(156,'A191',156),
(157,'A191',157),
(158,'A191',158),
(159,'A192',159),
(160,'A191',160),
(161,'A192',161),
(162,'A191',162),
(163,'A192',163),
(164,'A192',164),
(165,'A191',165),
(166,'A192',166),
(167,'A191',167),
(168,'A191',168),
(169,'A192',169),
(170,'A192',170),
(171,'A191',171),
(172,'A192',172),
(173,'A192',173),
(174,'A191',174),
(175,'A191',175),
(176,'A192',176),
(177,'A191',177),
(178,'A191',178),
(179,'A192',179),
(180,'A191',180),
(181,'A191',181),
(182,'A192',182),
(183,'A191',183),
(184,'A192',184),
(185,'A192',185),
(186,'A191',186),
(187,'A192',187),
(188,'A192',188),
(189,'A191',189),
(190,'A192',190),
(191,'A192',191),
(192,'A191',192),
(193,'A192',193),
(194,'A191',194),
(195,'A191',195),
(196,'A192',196),
(197,'A192',197),
(198,'A191',198),
(199,'A192',199),
(200,'A192',200),
(201,'A192',201),
(202,'A191',202),
(203,'A191',203),
(204,'A191',204),
(205,'A191',205),
(206,'A192',206),
(207,'A192',207),
(208,'A191',208),
(209,'A191',209),
(210,'A191',210),
(211,'A191',211),
(212,'A192',212),
(213,'A192',213),
(214,'A192',214),
(215,'A192',215),
(216,'A191',216),
(217,'A192',217),
(218,'A192',218),
(219,'A191',219),
(220,'A192',220),
(221,'A191',221),
(222,'A192',222),
(223,'A191',223),
(224,'A192',224),
(225,'A192',225),
(226,'A191',226),
(227,'A192',227),
(228,'A192',228),
(229,'A191',229),
(230,'A191',230),
(231,'A191',231),
(232,'A191',232),
(233,'A191',233),
(234,'A191',234),
(235,'A191',235),
(236,'A191',236),
(237,'A192',237),
(238,'A191',238),
(239,'A191',239),
(240,'A191',240),
(241,'A191',241),
(242,'A191',242),
(243,'A191',243),
(244,'A191',244),
(245,'A191',245),
(246,'A192',246),
(247,'A191',247),
(248,'A191',248),
(249,'A191',249),
(250,'A191',250),
(251,'A192',251),
(252,'A191',252),
(253,'A191',253),
(254,'A191',254),
(255,'A192',255),
(256,'A191',256),
(257,'A191',257),
(258,'A191',258),
(259,'A192',259),
(260,'A191',260),
(261,'A191',261),
(262,'A191',262),
(263,'A192',263),
(264,'A191',264),
(265,'A191',265),
(266,'A191',266),
(267,'A191',267),
(268,'A192',268),
(269,'A192',269),
(270,'A191',270),
(271,'A191',271),
(272,'A192',272),
(273,'A192',273),
(274,'A191',274),
(275,'A192',275),
(276,'A191',276),
(277,'A191',277),
(278,'A192',278),
(279,'A191',279),
(280,'A192',280),
(281,'A192',281),
(282,'A191',282),
(283,'A191',283),
(284,'A191',284),
(285,'A192',285),
(286,'A192',286),
(287,'A191',287),
(288,'A192',288),
(289,'A192',289),
(290,'A191',290),
(291,'A192',291),
(292,'A192',292),
(293,'A192',293),
(294,'A191',294),
(295,'A191',295),
(296,'A192',296),
(297,'A191',297),
(298,'A191',298),
(299,'A192',299),
(300,'A192',300),
(301,'A192',301),
(302,'A192',302),
(303,'A191',303),
(304,'A192',304),
(305,'A191',305),
(306,'A191',306),
(307,'A191',307),
(308,'A192',308),
(309,'A191',309),
(310,'A191',310),
(311,'A192',311),
(312,'A191',312),
(313,'A191',313),
(314,'A191',314),
(315,'A191',315),
(316,'A191',316),
(317,'A191',317),
(318,'A192',318),
(319,'A191',319),
(320,'A191',320),
(321,'A191',321),
(322,'A191',322),
(323,'A192',323),
(324,'A191',324),
(325,'A191',325),
(326,'A191',326),
(327,'A192',327),
(328,'A192',328),
(329,'A191',329),
(330,'A191',330),
(331,'A192',331),
(332,'A191',332),
(333,'A191',333),
(334,'A191',334),
(335,'A191',335),
(336,'A192',336),
(337,'A191',337),
(338,'A191',338),
(339,'A191',339),
(340,'A191',340),
(341,'A192',341),
(342,'A191',342),
(343,'A191',343),
(344,'A192',344),
(345,'A191',345),
(346,'A191',346),
(347,'A191',347),
(348,'A191',348),
(349,'A191',349),
(350,'A191',350),
(351,'A192',351),
(352,'A191',352),
(353,'A192',353),
(354,'A192',354),
(355,'A192',355),
(356,'A191',356),
(357,'A192',357),
(358,'A192',358),
(359,'A191',359),
(360,'A191',360),
(361,'A191',361),
(362,'A191',362),
(363,'A192',363),
(364,'A191',364),
(365,'A191',365),
(366,'A192',366),
(367,'A191',367),
(368,'A191',368),
(369,'A191',369),
(370,'A191',370),
(371,'A191',371),
(372,'A192',372),
(373,'A191',373),
(374,'A192',374),
(375,'A192',375),
(376,'A191',376),
(377,'A191',377),
(378,'A191',378),
(379,'A192',379),
(380,'A191',380),
(381,'A192',381),
(382,'A192',382),
(383,'A191',383),
(384,'A191',384),
(385,'A191',385),
(386,'A191',386),
(387,'A192',387),
(388,'A192',388),
(389,'A191',389),
(390,'A191',390),
(391,'A192',391),
(392,'A191',392),
(393,'A192',393),
(394,'A191',394),
(395,'A191',395),
(396,'A192',396),
(397,'A191',397),
(398,'A192',398),
(399,'A191',399),
(400,'A191',400),
(401,'A192',401),
(402,'A191',402),
(403,'A192',403),
(404,'A191',404),
(405,'A191',405),
(406,'A192',406),
(407,'A192',407),
(408,'A191',408),
(409,'A192',409),
(410,'A192',410),
(411,'A192',411),
(412,'A192',412),
(413,'A192',413),
(414,'A191',414),
(415,'A191',415),
(416,'A192',416),
(417,'A191',417),
(418,'A192',418),
(419,'A191',419),
(420,'A191',420),
(421,'A191',421),
(422,'A191',422),
(423,'A191',423),
(424,'A191',424),
(425,'A192',425),
(426,'A192',426),
(427,'A191',427),
(428,'A191',428),
(429,'A191',429),
(430,'A191',430),
(431,'A191',431),
(432,'A192',432),
(433,'A192',433),
(434,'A192',434),
(435,'A191',435),
(436,'A192',436),
(437,'A191',437),
(438,'A192',438),
(439,'A191',439),
(440,'A191',440),
(441,'A192',441),
(442,'A191',442),
(443,'A192',443),
(444,'A191',444),
(445,'A192',445),
(446,'A191',446),
(447,'A192',447),
(448,'A191',448),
(449,'A192',449),
(450,'A191',450),
(451,'A192',451),
(452,'A191',452),
(453,'A191',453),
(454,'A192',454),
(455,'A192',455),
(456,'A192',456),
(457,'A191',457),
(458,'A192',458),
(459,'A191',459),
(460,'A192',460),
(461,'A191',461),
(462,'A191',462),
(463,'A191',463),
(464,'A191',464),
(465,'A192',465),
(466,'A192',466),
(467,'A192',467),
(468,'A191',468),
(469,'A192',469),
(470,'A192',470),
(471,'A192',471),
(472,'A191',472),
(473,'A191',473),
(474,'A192',474),
(475,'A191',475),
(476,'A191',476),
(477,'A191',477),
(478,'A191',478),
(479,'A191',479),
(480,'A192',480),
(481,'A191',481),
(482,'A191',482),
(483,'A192',483),
(484,'A191',484),
(485,'A192',485),
(486,'A192',486),
(487,'A192',487),
(488,'A192',488),
(489,'A191',489),
(490,'A191',490),
(491,'A191',491),
(492,'A192',492),
(493,'A191',493),
(494,'A191',494),
(495,'A191',495),
(496,'A191',496),
(497,'A192',497),
(498,'A191',498),
(499,'A191',499),
(500,'A192',500),
(501,'A191',501),
(502,'A191',502),
(503,'A191',503),
(504,'A191',504),
(505,'A191',505),
(506,'A191',506),
(507,'A192',507),
(508,'A192',508),
(509,'A191',509),
(510,'A192',510),
(511,'A191',511),
(512,'A192',512),
(513,'A192',513),
(514,'A191',514),
(515,'A191',515),
(516,'A191',516),
(517,'A191',517),
(518,'A192',518),
(519,'A192',519),
(520,'A191',520),
(521,'A191',521),
(522,'A191',522),
(523,'A191',523),
(524,'A191',524),
(525,'A191',525),
(526,'A191',526),
(527,'A191',527),
(528,'A191',528),
(529,'A191',529),
(530,'A192',530),
(531,'A191',531),
(532,'A192',532),
(533,'A191',533),
(534,'A192',534),
(535,'A191',535),
(536,'A191',536),
(537,'A192',537),
(538,'A192',538),
(539,'A191',539),
(540,'A191',540),
(541,'A191',541),
(542,'A192',542),
(543,'A191',543),
(544,'A191',544),
(545,'A191',545),
(546,'A191',546),
(547,'A192',547),
(548,'A191',548),
(549,'A191',549),
(550,'A192',550),
(551,'A191',551),
(552,'A191',552),
(553,'A192',553),
(554,'A191',554),
(555,'A192',555),
(556,'A191',556),
(557,'A191',557),
(558,'A192',558),
(559,'A191',559),
(560,'A191',560),
(561,'A192',561),
(562,'A191',562),
(563,'A191',563),
(564,'A192',564),
(565,'A192',565),
(566,'A192',566),
(567,'A191',567),
(568,'A191',568),
(569,'A192',569),
(570,'A192',570),
(571,'A192',571),
(572,'A191',572),
(573,'A192',573),
(574,'A191',574),
(575,'A191',575),
(576,'A191',576),
(577,'A191',577),
(578,'A192',578),
(579,'A191',579),
(580,'A191',580),
(581,'A191',581),
(582,'A191',582),
(583,'A191',583),
(584,'A191',584),
(585,'A192',585),
(586,'A191',586),
(587,'A191',587),
(588,'A191',588),
(589,'A192',589),
(590,'A191',590),
(591,'A192',591),
(592,'A192',592),
(593,'A191',593),
(594,'A192',594),
(595,'A192',595),
(596,'A191',596),
(597,'A191',597),
(598,'A192',598),
(599,'A191',599),
(600,'A191',600),
(601,'A191',601),
(602,'A191',602),
(603,'A191',603),
(604,'A192',604),
(605,'A191',605),
(606,'A192',606),
(607,'A192',607),
(608,'A191',608),
(609,'A191',609),
(610,'A191',610),
(611,'A191',611),
(612,'A191',612),
(613,'A191',613),
(614,'A191',614),
(615,'A191',615),
(616,'A192',616),
(617,'A191',617),
(618,'A191',618),
(619,'A191',619),
(620,'A191',620),
(621,'A191',621),
(622,'A191',622),
(623,'A191',623),
(624,'A191',624),
(625,'A191',625),
(626,'A191',626),
(627,'A192',627),
(628,'A191',628),
(629,'A192',629),
(630,'A191',630),
(631,'A191',631),
(632,'A191',632),
(633,'A191',633),
(634,'A191',634),
(635,'A192',635),
(636,'A192',636),
(637,'A191',637),
(638,'A192',638),
(639,'A191',639),
(640,'A192',640),
(641,'A191',641),
(642,'A191',642),
(643,'A192',643),
(644,'A192',644),
(645,'A192',645),
(646,'A192',646),
(647,'A191',647),
(648,'A191',648),
(649,'A191',649),
(650,'A191',650),
(651,'A192',651),
(652,'A191',652),
(653,'A191',653),
(654,'A192',654),
(655,'A192',655),
(656,'A191',656),
(657,'A191',657),
(658,'A192',658),
(659,'A191',659),
(660,'A192',660),
(661,'A191',661),
(662,'A191',662),
(663,'A191',663),
(664,'A192',664),
(665,'A191',665),
(666,'A192',666),
(667,'A192',667),
(668,'A191',668),
(669,'A192',669),
(670,'A191',670),
(671,'A192',671),
(672,'A192',672),
(673,'A192',673),
(674,'A191',674),
(675,'A191',675),
(676,'A192',676),
(677,'A192',677),
(678,'A191',678),
(679,'A191',679),
(680,'A191',680),
(681,'A191',681),
(682,'A192',682),
(683,'A191',683),
(684,'A192',684),
(685,'A192',685),
(686,'A192',686),
(687,'A192',687),
(688,'A191',688),
(689,'A192',689),
(690,'A191',690),
(691,'A191',691),
(692,'A191',692),
(693,'A191',693),
(694,'A191',694),
(695,'A192',695),
(696,'A191',696),
(697,'A191',697),
(698,'A191',698),
(699,'A191',699),
(700,'A192',700),
(701,'A191',701),
(702,'A192',702),
(703,'A192',703),
(704,'A191',704),
(705,'A192',705),
(706,'A191',706),
(707,'A191',707),
(708,'A191',708),
(709,'A191',709),
(710,'A191',710),
(711,'A192',711),
(712,'A191',712),
(713,'A192',713),
(714,'A191',714),
(715,'A192',715),
(716,'A191',716),
(717,'A192',717),
(718,'A192',718),
(719,'A192',719),
(720,'A192',720),
(721,'A192',721),
(722,'A191',722),
(723,'A191',723),
(724,'A191',724),
(725,'A191',725),
(726,'A191',726),
(727,'A191',727),
(728,'A191',728),
(729,'A191',729),
(730,'A192',730),
(731,'A191',731),
(732,'A191',732),
(733,'A191',733),
(734,'A192',734),
(735,'A191',735),
(736,'A191',736),
(737,'A191',737),
(738,'A192',738),
(739,'A192',739),
(740,'A191',740),
(741,'A191',741),
(742,'A191',742),
(743,'A192',743),
(744,'A192',744),
(745,'A192',745),
(746,'A191',746),
(747,'A191',747),
(748,'A191',748),
(749,'A191',749),
(750,'A191',750),
(751,'A192',751),
(752,'A191',752),
(753,'A191',753),
(754,'A191',754),
(755,'A191',755),
(756,'A191',756),
(757,'A191',757),
(758,'A192',758),
(759,'A192',759),
(760,'A191',760),
(761,'A192',761),
(762,'A191',762),
(763,'A191',763),
(764,'A192',764),
(765,'A192',765),
(766,'A191',766),
(767,'A191',767),
(768,'A191',768),
(769,'A192',769),
(770,'A192',770),
(771,'A191',771),
(772,'A192',772),
(773,'A192',773),
(774,'A191',774),
(775,'A191',775),
(776,'A191',776),
(777,'A192',777),
(778,'A191',778),
(779,'A192',779),
(780,'A192',780),
(781,'A191',781),
(782,'A192',782),
(783,'A192',783),
(784,'A191',784),
(785,'A192',785),
(786,'A192',786),
(787,'A191',787),
(788,'A192',788),
(789,'A191',789),
(790,'A192',790),
(791,'A191',791),
(792,'A192',792),
(793,'A191',793),
(794,'A191',794),
(795,'A192',795),
(796,'A191',796),
(797,'A192',797),
(798,'A191',798),
(799,'A192',799),
(800,'A191',800),
(801,'A191',801),
(802,'A192',802),
(803,'A191',803),
(804,'A191',804),
(805,'A191',805),
(806,'A192',806),
(807,'A191',807),
(808,'A191',808),
(809,'A192',809),
(810,'A191',810),
(811,'A192',811),
(812,'A191',812),
(813,'A192',813),
(814,'A191',814),
(815,'A191',815),
(816,'A191',816),
(817,'A191',817),
(818,'A192',818),
(819,'A191',819),
(820,'A191',820),
(821,'A192',821),
(822,'A191',822),
(823,'A191',823),
(824,'A191',824),
(825,'A192',825),
(826,'A192',826),
(827,'A192',827),
(828,'A191',828),
(829,'A191',829),
(830,'A192',830),
(831,'A192',831),
(832,'A192',832),
(833,'A191',833),
(834,'A192',834),
(835,'A191',835),
(836,'A191',836),
(837,'A191',837),
(838,'A191',838),
(839,'A192',839),
(840,'A191',840),
(841,'A191',841),
(842,'A191',842),
(843,'A191',843),
(844,'A192',844),
(845,'A192',845),
(846,'A192',846),
(847,'A191',847),
(848,'A191',848),
(849,'A191',849),
(850,'A191',850),
(851,'A191',851),
(852,'A192',852),
(853,'A192',853),
(854,'A191',854),
(855,'A192',855),
(856,'A192',856),
(857,'A192',857),
(858,'A192',858),
(859,'A192',859),
(860,'A191',860),
(861,'A191',861),
(862,'A192',862),
(863,'A192',863),
(864,'A192',864),
(865,'A191',865),
(866,'A191',866),
(867,'A191',867),
(868,'A191',868),
(869,'A191',869),
(870,'A191',870),
(871,'A192',871),
(872,'A191',872),
(873,'A192',873),
(874,'A191',874),
(875,'A191',875),
(876,'A191',876),
(877,'A192',877),
(878,'A191',878),
(879,'A192',879),
(880,'A191',880),
(881,'A192',881),
(882,'A192',882),
(883,'A191',883),
(884,'A191',884),
(885,'A192',885),
(886,'A191',886),
(887,'A192',887),
(888,'A192',888),
(889,'A192',889),
(890,'A192',890),
(891,'A192',891),
(892,'A192',892),
(893,'A191',893),
(894,'A192',894),
(895,'A192',895),
(896,'A192',896),
(897,'A192',897),
(898,'A191',898),
(899,'A191',899),
(900,'A191',900),
(901,'A192',901),
(902,'A192',902),
(903,'A191',903),
(904,'A192',904),
(905,'A192',905),
(906,'A192',906),
(907,'A191',907),
(908,'A191',908),
(909,'A191',909),
(910,'A191',910),
(911,'A191',911),
(912,'A191',912),
(913,'A191',913),
(914,'A192',914),
(915,'A192',915),
(916,'A192',916),
(917,'A191',917),
(918,'A192',918),
(919,'A191',919),
(920,'A192',920),
(921,'A191',921),
(922,'A192',922),
(923,'A191',923),
(924,'A192',924),
(925,'A192',925),
(926,'A192',926),
(927,'A191',927),
(928,'A192',928),
(929,'A192',929),
(930,'A191',930),
(931,'A191',931),
(932,'A192',932),
(933,'A191',933),
(934,'A192',934),
(935,'A191',935),
(936,'A191',936),
(937,'A191',937),
(938,'A192',938),
(939,'A191',939),
(940,'A192',940),
(941,'A192',941),
(942,'A191',942),
(943,'A192',943),
(944,'A191',944),
(945,'A191',945),
(946,'A191',946),
(947,'A192',947),
(948,'A192',948),
(949,'A191',949),
(950,'A191',950),
(951,'A192',951),
(952,'A192',952),
(953,'A191',953),
(954,'A192',954),
(955,'A192',955),
(956,'A192',956),
(957,'A191',957),
(958,'A191',958),
(959,'A191',959),
(960,'A191',960),
(961,'A191',961),
(962,'A191',962),
(963,'A191',963),
(964,'A192',964),
(965,'A191',965),
(966,'A191',966),
(967,'A191',967),
(968,'A192',968),
(969,'A192',969),
(970,'A191',970),
(971,'A191',971),
(972,'A191',972),
(973,'A191',973),
(974,'A191',974),
(975,'A192',975),
(976,'A191',976),
(977,'A191',977),
(978,'A191',978),
(979,'A191',979),
(980,'A191',980),
(981,'A191',981),
(982,'A192',982),
(983,'A192',983),
(984,'A191',984),
(985,'A191',985),
(986,'A191',986),
(987,'A191',987),
(988,'A191',988),
(989,'A192',989),
(990,'A191',990),
(991,'A191',991),
(992,'A191',992),
(993,'A191',993),
(994,'A192',994),
(995,'A192',995),
(996,'A191',996),
(997,'A192',997),
(998,'A191',998),
(999,'A192',999),
(1000,'A191',1000);

INSERT INTO CREDIT_INFO VALUES
(1,6,1169,'A101',1,1),
(2,48,5951,'A101',1,2),
(3,12,2096,'A101',2,3),
(4,42,7882,'A103',2,4),
(5,24,4870,'A101',2,5),
(6,36,9055,'A101',2,6),
(7,24,2835,'A101',1,7),
(8,36,6948,'A101',1,8),
(9,12,3059,'A101',1,9),
(10,30,5234,'A101',1,10),
(11,12,1295,'A101',1,11),
(12,48,4308,'A101',1,12),
(13,12,1567,'A101',1,13),
(14,24,1199,'A101',1,14),
(15,15,1403,'A101',1,15),
(16,24,1282,'A101',1,16),
(17,24,2424,'A101',1,17),
(18,30,8072,'A101',1,18),
(19,24,12579,'A101',1,19),
(20,24,3430,'A101',2,20),
(21,9,2134,'A101',1,21),
(22,6,2647,'A101',2,22),
(23,10,2241,'A101',2,23),
(24,12,1804,'A101',1,24),
(25,10,2069,'A101',1,25),
(26,6,1374,'A101',1,26),
(27,6,426,'A101',1,27),
(28,12,409,'A101',1,28),
(29,7,2415,'A103',1,29),
(30,60,6836,'A101',1,30),
(31,18,1913,'A101',1,31),
(32,24,4020,'A101',1,32),
(33,18,5866,'A101',1,33),
(34,12,1264,'A101',1,34),
(35,12,1474,'A101',1,35),
(36,45,4746,'A101',1,36),
(37,48,6110,'A101',1,37),
(38,18,2100,'A102',1,38),
(39,10,1225,'A101',1,39),
(40,9,458,'A101',1,40),
(41,30,2333,'A101',1,41),
(42,12,1158,'A101',1,42),
(43,18,6204,'A101',2,43),
(44,30,6187,'A101',1,44),
(45,48,6143,'A101',1,45),
(46,11,1393,'A101',1,46),
(47,36,2299,'A101',1,47),
(48,6,1352,'A101',1,48),
(49,11,7228,'A101',1,49),
(50,12,2073,'A102',1,50),
(51,24,2333,'A101',1,51),
(52,27,5965,'A101',1,52),
(53,12,1262,'A101',1,53),
(54,18,3378,'A101',1,54),
(55,36,2225,'A101',1,55),
(56,6,783,'A103',2,56),
(57,12,6468,'A101',1,57),
(58,36,9566,'A101',1,58),
(59,18,1961,'A101',1,59),
(60,36,6229,'A102',1,60),
(61,9,1391,'A101',1,61),
(62,15,1537,'A103',1,62),
(63,36,1953,'A101',1,63),
(64,48,14421,'A101',1,64),
(65,24,3181,'A101',1,65),
(66,27,5190,'A101',2,66),
(67,12,2171,'A101',1,67),
(68,12,1007,'A101',1,68),
(69,36,1819,'A101',1,69),
(70,36,2394,'A101',1,70),
(71,36,8133,'A101',1,71),
(72,7,730,'A101',1,72),
(73,8,1164,'A101',2,73),
(74,42,5954,'A101',1,74),
(75,36,1977,'A101',1,75),
(76,12,1526,'A101',1,76),
(77,42,3965,'A101',1,77),
(78,11,4771,'A101',1,78),
(79,54,9436,'A101',2,79),
(80,30,3832,'A101',1,80),
(81,24,5943,'A101',1,81),
(82,15,1213,'A101',1,82),
(83,18,1568,'A101',1,83),
(84,24,1755,'A103',1,84),
(85,10,2315,'A101',1,85),
(86,12,1412,'A103',1,86),
(87,18,1295,'A101',1,87),
(88,36,12612,'A101',2,88),
(89,18,2249,'A101',2,89),
(90,12,1108,'A101',1,90),
(91,12,618,'A101',1,91),
(92,12,1409,'A101',1,92),
(93,12,797,'A101',2,93),
(94,24,3617,'A102',1,94),
(95,12,1318,'A101',1,95),
(96,54,15945,'A101',1,96),
(97,12,2012,'A101',1,97),
(98,18,2622,'A101',1,98),
(99,36,2337,'A101',1,99),
(100,20,7057,'A101',2,100),
(101,24,1469,'A101',1,101),
(102,36,2323,'A101',1,102),
(103,6,932,'A101',1,103),
(104,9,1919,'A101',1,104),
(105,12,2445,'A101',1,105),
(106,24,11938,'A102',2,106),
(107,18,6458,'A101',2,107),
(108,12,6078,'A101',1,108),
(109,24,7721,'A101',1,109),
(110,14,1410,'A101',1,110),
(111,6,1449,'A101',2,111),
(112,15,392,'A101',1,112),
(113,18,6260,'A101',1,113),
(114,36,7855,'A101',1,114),
(115,12,1680,'A101',1,115),
(116,48,3578,'A101',1,116),
(117,42,7174,'A101',1,117),
(118,10,2132,'A102',1,118),
(119,33,4281,'A101',1,119),
(120,12,2366,'A101',1,120),
(121,21,1835,'A101',1,121),
(122,24,3868,'A101',1,122),
(123,12,1768,'A101',1,123),
(124,10,781,'A101',1,124),
(125,18,1924,'A101',1,125),
(126,12,2121,'A101',1,126),
(127,12,701,'A101',1,127),
(128,12,639,'A101',1,128),
(129,12,1860,'A101',1,129),
(130,12,3499,'A102',1,130),
(131,48,8487,'A101',1,131),
(132,36,6887,'A101',1,132),
(133,15,2708,'A101',1,133),
(134,18,1984,'A101',1,134),
(135,60,10144,'A101',1,135),
(136,12,1240,'A101',1,136),
(137,27,8613,'A101',1,137),
(138,12,766,'A101',1,138),
(139,15,2728,'A103',1,139),
(140,12,1881,'A101',1,140),
(141,6,709,'A101',1,141),
(142,36,4795,'A101',1,142),
(143,27,3416,'A101',1,143),
(144,18,2462,'A101',1,144),
(145,21,2288,'A101',1,145),
(146,48,3566,'A101',1,146),
(147,6,860,'A101',1,147),
(148,12,682,'A101',1,148),
(149,36,5371,'A103',1,149),
(150,18,1582,'A101',1,150),
(151,6,1346,'A101',2,151),
(152,10,1924,'A101',1,152),
(153,36,5848,'A101',1,153),
(154,24,7758,'A101',1,154),
(155,24,6967,'A101',1,155),
(156,12,1282,'A101',1,156),
(157,9,1288,'A103',2,157),
(158,12,339,'A101',1,158),
(159,24,3512,'A101',1,159),
(160,6,1898,'A101',2,160),
(161,24,2872,'A101',2,161),
(162,18,1055,'A101',1,162),
(163,15,1262,'A101',1,163),
(164,10,7308,'A101',1,164),
(165,36,909,'A101',1,165),
(166,6,2978,'A101',1,166),
(167,18,1131,'A101',1,167),
(168,11,1577,'A101',1,168),
(169,24,3972,'A101',1,169),
(170,24,1935,'A101',1,170),
(171,15,950,'A101',2,171),
(172,12,763,'A101',1,172),
(173,24,2064,'A101',1,173),
(174,8,1414,'A103',1,174),
(175,21,3414,'A101',1,175),
(176,30,7485,'A101',1,176),
(177,12,2577,'A101',1,177),
(178,6,338,'A101',1,178),
(179,12,1963,'A101',2,179),
(180,21,571,'A101',1,180),
(181,36,9572,'A101',1,181),
(182,36,4455,'A101',1,182),
(183,21,1647,'A101',2,183),
(184,24,3777,'A101',1,184),
(185,18,884,'A101',2,185),
(186,15,1360,'A101',1,186),
(187,9,5129,'A101',2,187),
(188,16,1175,'A101',1,188),
(189,12,674,'A101',1,189),
(190,18,3244,'A101',1,190),
(191,24,4591,'A101',1,191),
(192,48,3844,'A101',2,192),
(193,27,3915,'A101',2,193),
(194,6,2108,'A101',1,194),
(195,45,3031,'A103',1,195),
(196,9,1501,'A101',1,196),
(197,6,1382,'A101',1,197),
(198,12,951,'A101',1,198),
(199,24,2760,'A101',1,199),
(200,18,4297,'A101',1,200),
(201,9,936,'A101',1,201),
(202,12,1168,'A101',1,202),
(203,27,5117,'A101',1,203),
(204,12,902,'A101',1,204),
(205,12,1495,'A101',2,205),
(206,30,10623,'A101',2,206),
(207,12,1935,'A101',1,207),
(208,12,1424,'A101',1,208),
(209,24,6568,'A101',1,209),
(210,12,1413,'A101',1,210),
(211,9,3074,'A101',2,211),
(212,36,3835,'A101',1,212),
(213,27,5293,'A101',1,213),
(214,30,1908,'A101',1,214),
(215,36,3342,'A101',1,215),
(216,6,932,'A101',1,216),
(217,18,3104,'A101',1,217),
(218,36,3913,'A101',1,218),
(219,24,3021,'A101',1,219),
(220,10,1364,'A101',1,220),
(221,12,625,'A103',1,221),
(222,12,1200,'A101',1,222),
(223,12,707,'A101',1,223),
(224,24,2978,'A101',2,224),
(225,15,4657,'A101',1,225),
(226,36,2613,'A101',1,226),
(227,48,10961,'A102',1,227),
(228,12,7865,'A101',1,228),
(229,9,1478,'A101',1,229),
(230,24,3149,'A101',1,230),
(231,36,4210,'A101',1,231),
(232,9,2507,'A101',1,232),
(233,12,2141,'A101',1,233),
(234,18,866,'A103',1,234),
(235,4,1544,'A101',2,235),
(236,24,1823,'A101',2,236),
(237,6,14555,'A101',1,237),
(238,21,2767,'A101',1,238),
(239,12,1291,'A101',1,239),
(240,30,2522,'A103',2,240),
(241,24,915,'A101',1,241),
(242,6,1595,'A101',2,242),
(243,48,4605,'A101',2,243),
(244,12,1185,'A101',1,244),
(245,12,3447,'A101',2,245),
(246,24,1258,'A101',1,246),
(247,12,717,'A101',1,247),
(248,6,1204,'A101',1,248),
(249,24,1925,'A101',1,249),
(250,18,433,'A102',1,250),
(251,6,666,'A101',1,251),
(252,12,2251,'A101',1,252),
(253,30,2150,'A103',1,253),
(254,24,4151,'A101',1,254),
(255,9,2030,'A101',1,255),
(256,60,7418,'A101',1,256),
(257,24,2684,'A101',1,257),
(258,12,2149,'A101',1,258),
(259,15,3812,'A101',1,259),
(260,11,1154,'A101',1,260),
(261,12,1657,'A101',1,261),
(262,24,1603,'A101',1,262),
(263,18,5302,'A101',1,263),
(264,12,2748,'A101',1,264),
(265,10,1231,'A101',2,265),
(266,15,802,'A101',2,266),
(267,36,6304,'A101',1,267),
(268,24,1533,'A101',1,268),
(269,14,8978,'A101',1,269),
(270,24,999,'A101',1,270),
(271,18,2662,'A101',1,271),
(272,12,1402,'A101',1,272),
(273,48,12169,'A102',1,273),
(274,48,3060,'A101',1,274),
(275,30,11998,'A101',1,275),
(276,9,2697,'A101',2,276),
(277,18,2404,'A101',1,277),
(278,12,1262,'A101',1,278),
(279,6,4611,'A101',1,279),
(280,24,1901,'A101',1,280),
(281,15,3368,'A101',1,281),
(282,12,1574,'A101',1,282),
(283,18,1445,'A101',1,283),
(284,15,1520,'A101',1,284),
(285,24,3878,'A101',1,285),
(286,47,10722,'A101',1,286),
(287,48,4788,'A101',2,287),
(288,48,7582,'A101',1,288),
(289,12,1092,'A103',1,289),
(290,24,1024,'A101',1,290),
(291,12,1076,'A101',1,291),
(292,36,9398,'A101',1,292),
(293,24,6419,'A101',2,293),
(294,42,4796,'A101',1,294),
(295,48,7629,'A101',2,295),
(296,48,9960,'A101',1,296),
(297,12,4675,'A101',1,297),
(298,10,1287,'A102',1,298),
(299,18,2515,'A101',1,299),
(300,21,2745,'A101',1,300),
(301,6,672,'A101',1,301),
(302,36,3804,'A101',1,302),
(303,24,1344,'A101',2,303),
(304,10,1038,'A102',1,304),
(305,48,10127,'A101',1,305),
(306,6,1543,'A101',1,306),
(307,30,4811,'A101',1,307),
(308,12,727,'A101',1,308),
(309,8,1237,'A101',1,309),
(310,9,276,'A101',1,310),
(311,48,5381,'A101',1,311),
(312,24,5511,'A101',1,312),
(313,24,3749,'A101',1,313),
(314,12,685,'A101',1,314),
(315,4,1494,'A101',2,315),
(316,36,2746,'A101',1,316),
(317,12,708,'A103',2,317),
(318,24,4351,'A101',1,318),
(319,12,701,'A101',1,319),
(320,15,3643,'A101',1,320),
(321,30,4249,'A101',1,321),
(322,24,1938,'A101',1,322),
(323,24,2910,'A101',1,323),
(324,18,2659,'A101',1,324),
(325,18,1028,'A101',1,325),
(326,8,3398,'A101',1,326),
(327,12,5801,'A101',1,327),
(328,24,1525,'A101',2,328),
(329,36,4473,'A101',1,329),
(330,6,1068,'A101',2,330),
(331,24,6615,'A101',1,331),
(332,18,1864,'A101',1,332),
(333,60,7408,'A101',1,333),
(334,48,11590,'A101',1,334),
(335,24,4110,'A101',2,335),
(336,6,3384,'A101',1,336),
(337,13,2101,'A103',1,337),
(338,15,1275,'A101',1,338),
(339,24,4169,'A101',1,339),
(340,10,1521,'A101',1,340),
(341,24,5743,'A101',1,341),
(342,21,3599,'A101',1,342),
(343,18,3213,'A101',1,343),
(344,18,4439,'A102',1,344),
(345,10,3949,'A103',2,345),
(346,15,1459,'A101',1,346),
(347,13,882,'A103',1,347),
(348,24,3758,'A101',1,348),
(349,6,1743,'A101',1,349),
(350,9,1136,'A101',2,350),
(351,9,1236,'A101',1,351),
(352,9,959,'A101',1,352),
(353,18,3229,'A101',1,353),
(354,12,6199,'A101',1,354),
(355,10,727,'A101',1,355),
(356,24,1246,'A101',1,356),
(357,12,2331,'A102',1,357),
(358,36,4463,'A101',1,358),
(359,12,776,'A101',1,359),
(360,30,2406,'A101',1,360),
(361,18,1239,'A101',1,361),
(362,12,3399,'A101',1,362),
(363,12,2247,'A101',1,363),
(364,6,1766,'A101',1,364),
(365,18,2473,'A101',1,365),
(366,12,1542,'A101',1,366),
(367,18,3850,'A101',1,367),
(368,18,3650,'A101',1,368),
(369,36,3446,'A101',2,369),
(370,18,3001,'A101',1,370),
(371,36,3079,'A101',1,371),
(372,18,6070,'A101',1,372),
(373,10,2146,'A101',1,373),
(374,60,13756,'A101',1,374),
(375,60,14782,'A101',1,375),
(376,48,7685,'A103',1,376),
(377,18,2320,'A101',1,377),
(378,7,846,'A101',1,378),
(379,36,14318,'A101',1,379),
(380,6,362,'A101',1,380),
(381,20,2212,'A101',1,381),
(382,18,12976,'A101',1,382),
(383,22,1283,'A101',1,383),
(384,12,1330,'A101',1,384),
(385,30,4272,'A101',1,385),
(386,18,2238,'A101',1,386),
(387,18,1126,'A101',1,387),
(388,18,7374,'A101',1,388),
(389,15,2326,'A101',1,389),
(390,9,1449,'A101',1,390),
(391,18,1820,'A101',1,391),
(392,12,983,'A101',1,392),
(393,36,3249,'A101',2,393),
(394,6,1957,'A101',1,394),
(395,9,2406,'A101',1,395),
(396,39,11760,'A101',1,396),
(397,12,2578,'A101',1,397),
(398,36,2348,'A101',1,398),
(399,12,1223,'A101',1,399),
(400,24,1516,'A101',1,400),
(401,18,1473,'A101',1,401),
(402,18,1887,'A101',1,402),
(403,24,8648,'A101',1,403),
(404,14,802,'A101',1,404),
(405,18,2899,'A101',2,405),
(406,24,2039,'A101',1,406),
(407,24,2197,'A101',2,407),
(408,15,1053,'A101',1,408),
(409,24,3235,'A101',1,409),
(410,12,939,'A101',1,410),
(411,24,1967,'A101',1,411),
(412,33,7253,'A101',1,412),
(413,12,2292,'A101',1,413),
(414,10,1597,'A101',2,414),
(415,24,1381,'A101',1,415),
(416,36,5842,'A101',2,416),
(417,12,2579,'A101',2,417),
(418,18,8471,'A101',1,418),
(419,21,2782,'A101',1,419),
(420,18,1042,'A101',1,420),
(421,15,3186,'A101',1,421),
(422,12,2028,'A101',1,422),
(423,12,958,'A101',2,423),
(424,21,1591,'A101',1,424),
(425,12,2762,'A101',1,425),
(426,18,2779,'A101',1,426),
(427,28,2743,'A101',1,427),
(428,18,1149,'A101',1,428),
(429,9,1313,'A101',1,429),
(430,18,1190,'A101',2,430),
(431,5,3448,'A101',1,431),
(432,24,11328,'A102',1,432),
(433,6,1872,'A101',1,433),
(434,24,2058,'A101',1,434),
(435,9,2136,'A101',1,435),
(436,12,1484,'A101',1,436),
(437,6,660,'A101',1,437),
(438,24,1287,'A101',1,438),
(439,42,3394,'A102',1,439),
(440,12,609,'A101',1,440),
(441,12,1884,'A101',1,441),
(442,12,1620,'A102',1,442),
(443,20,2629,'A101',1,443),
(444,12,719,'A101',2,444),
(445,48,5096,'A101',1,445),
(446,9,1244,'A101',1,446),
(447,36,1842,'A101',1,447),
(448,7,2576,'A103',1,448),
(449,12,1424,'A101',1,449),
(450,15,1512,'A101',1,450),
(451,36,11054,'A101',1,451),
(452,6,518,'A101',1,452),
(453,12,2759,'A101',1,453),
(454,24,2670,'A101',1,454),
(455,24,4817,'A102',1,455),
(456,24,2679,'A101',1,456),
(457,11,3905,'A101',2,457),
(458,12,3386,'A101',1,458),
(459,6,343,'A101',1,459),
(460,18,4594,'A101',1,460),
(461,36,3620,'A103',2,461),
(462,15,1721,'A101',1,462),
(463,12,3017,'A101',1,463),
(464,12,754,'A101',1,464),
(465,18,1950,'A101',1,465),
(466,24,2924,'A103',2,466),
(467,24,1659,'A101',1,467),
(468,48,7238,'A101',2,468),
(469,33,2764,'A101',1,469),
(470,24,4679,'A101',1,470),
(471,24,3092,'A101',1,471),
(472,6,448,'A101',1,472),
(473,9,654,'A101',1,473),
(474,6,1238,'A101',2,474),
(475,18,1245,'A101',1,475),
(476,18,3114,'A101',1,476),
(477,39,2569,'A101',1,477),
(478,24,5152,'A101',1,478),
(479,12,1037,'A101',1,479),
(480,15,1478,'A101',2,480),
(481,12,3573,'A101',1,481),
(482,24,1201,'A101',1,482),
(483,30,3622,'A101',1,483),
(484,15,960,'A101',1,484),
(485,12,1163,'A101',1,485),
(486,6,1209,'A101',1,486),
(487,12,3077,'A101',1,487),
(488,24,3757,'A102',1,488),
(489,10,1418,'A101',1,489),
(490,6,3518,'A103',1,490),
(491,12,1934,'A101',1,491),
(492,27,8318,'A101',1,492),
(493,6,1237,'A101',1,493),
(494,6,368,'A101',1,494),
(495,12,2122,'A101',2,495),
(496,24,2996,'A101',1,496),
(497,36,9034,'A102',1,497),
(498,24,1585,'A101',1,498),
(499,18,1301,'A103',1,499),
(500,6,1323,'A101',2,500),
(501,24,3123,'A101',1,501),
(502,36,5493,'A101',2,502),
(503,9,1126,'A101',1,503),
(504,24,1216,'A101',2,504),
(505,24,1207,'A101',1,505),
(506,10,1309,'A103',1,506),
(507,15,2360,'A101',1,507),
(508,15,6850,'A101',2,508),
(509,24,1413,'A101',1,509),
(510,39,8588,'A101',1,510),
(511,12,759,'A101',1,511),
(512,36,4686,'A101',1,512),
(513,15,2687,'A101',1,513),
(514,12,585,'A102',1,514),
(515,24,2255,'A101',1,515),
(516,6,609,'A101',1,516),
(517,6,1361,'A101',2,517),
(518,36,7127,'A101',1,518),
(519,6,1203,'A101',1,519),
(520,6,700,'A101',1,520),
(521,24,5507,'A101',1,521),
(522,18,3190,'A101',1,522),
(523,48,7119,'A101',2,523),
(524,24,3488,'A101',1,524),
(525,18,1113,'A103',2,525),
(526,26,7966,'A101',1,526),
(527,15,1532,'A101',1,527),
(528,4,1503,'A101',2,528),
(529,36,2302,'A101',1,529),
(530,6,662,'A101',2,530),
(531,36,2273,'A101',2,531),
(532,15,2631,'A101',1,532),
(533,12,1503,'A101',1,533),
(534,24,1311,'A101',1,534),
(535,24,3105,'A101',1,535),
(536,21,2319,'A101',1,536),
(537,6,1374,'A101',1,537),
(538,18,3612,'A101',1,538),
(539,48,7763,'A101',1,539),
(540,18,3049,'A101',1,540),
(541,12,1534,'A101',1,541),
(542,24,2032,'A101',1,542),
(543,30,6350,'A101',1,543),
(544,18,2864,'A101',2,544),
(545,12,1255,'A101',1,545),
(546,24,1333,'A101',2,546),
(547,24,2022,'A101',1,547),
(548,24,1552,'A101',2,548),
(549,12,626,'A101',1,549),
(550,48,8858,'A101',1,550),
(551,12,996,'A101',1,551),
(552,6,1750,'A101',2,552),
(553,48,6999,'A103',1,553),
(554,12,1995,'A101',1,554),
(555,9,1199,'A101',1,555),
(556,12,1331,'A101',1,556),
(557,18,2278,'A101',1,557),
(558,21,5003,'A101',1,558),
(559,24,3552,'A101',1,559),
(560,18,1928,'A101',1,560),
(561,24,2964,'A101',2,561),
(562,24,1546,'A103',1,562),
(563,6,683,'A101',1,563),
(564,36,12389,'A101',1,564),
(565,24,4712,'A101',1,565),
(566,24,1553,'A101',1,566),
(567,12,1372,'A101',1,567),
(568,24,2578,'A101',1,568),
(569,48,3979,'A101',2,569),
(570,48,6758,'A101',1,570),
(571,24,3234,'A101',1,571),
(572,30,5954,'A102',1,572),
(573,24,5433,'A101',1,573),
(574,15,806,'A101',1,574),
(575,9,1082,'A101',1,575),
(576,15,2788,'A102',1,576),
(577,12,2930,'A101',1,577),
(578,24,1927,'A101',1,578),
(579,36,2820,'A101',1,579),
(580,24,937,'A101',1,580),
(581,18,1056,'A103',1,581),
(582,12,3124,'A101',2,582),
(583,9,1388,'A101',1,583),
(584,36,2384,'A101',1,584),
(585,12,2133,'A101',1,585),
(586,18,2039,'A101',1,586),
(587,9,2799,'A101',2,587),
(588,12,1289,'A103',1,588),
(589,18,1217,'A101',1,589),
(590,12,2246,'A101',1,590),
(591,12,385,'A101',1,591),
(592,24,1965,'A101',1,592),
(593,21,1572,'A101',1,593),
(594,24,2718,'A101',1,594),
(595,24,1358,'A101',1,595),
(596,6,931,'A101',1,596),
(597,24,1442,'A101',1,597),
(598,24,4241,'A101',1,598),
(599,18,2775,'A101',1,599),
(600,24,3863,'A101',1,600),
(601,7,2329,'A103',1,601),
(602,9,918,'A101',1,602),
(603,24,1837,'A101',1,603),
(604,36,3349,'A101',1,604),
(605,10,1275,'A101',1,605),
(606,24,2828,'A101',1,606),
(607,24,4526,'A101',1,607),
(608,36,2671,'A102',1,608),
(609,18,2051,'A101',1,609),
(610,15,1300,'A101',2,610),
(611,12,741,'A101',1,611),
(612,10,1240,'A101',2,612),
(613,21,3357,'A101',1,613),
(614,24,3632,'A103',1,614),
(615,18,1808,'A101',1,615),
(616,48,12204,'A101',1,616),
(617,60,9157,'A101',1,617),
(618,6,3676,'A101',2,618),
(619,30,3441,'A102',1,619),
(620,12,640,'A101',1,620),
(621,21,3652,'A101',1,621),
(622,18,1530,'A101',1,622),
(623,48,3914,'A101',1,623),
(624,12,1858,'A101',1,624),
(625,18,2600,'A101',1,625),
(626,15,1979,'A101',1,626),
(627,6,2116,'A101',1,627),
(628,9,1437,'A101',1,628),
(629,42,4042,'A101',1,629),
(630,9,3832,'A101',1,630),
(631,24,3660,'A101',1,631),
(632,18,1553,'A101',1,632),
(633,15,1444,'A101',1,633),
(634,9,1980,'A102',1,634),
(635,24,1355,'A101',1,635),
(636,12,1393,'A101',2,636),
(637,24,1376,'A101',1,637),
(638,60,15653,'A101',1,638),
(639,12,1493,'A101',2,639),
(640,42,4370,'A101',2,640),
(641,18,750,'A101',1,641),
(642,15,1308,'A101',1,642),
(643,15,4623,'A101',1,643),
(644,24,1851,'A103',1,644),
(645,18,1880,'A101',1,645),
(646,36,7980,'A101',1,646),
(647,30,4583,'A103',1,647),
(648,12,1386,'A101',1,648),
(649,24,947,'A101',2,649),
(650,12,684,'A101',2,650),
(651,48,7476,'A101',1,651),
(652,12,1922,'A101',1,652),
(653,24,2303,'A102',1,653),
(654,36,8086,'A101',1,654),
(655,24,2346,'A101',1,655),
(656,14,3973,'A101',1,656),
(657,12,888,'A101',2,657),
(658,48,10222,'A101',1,658),
(659,30,4221,'A101',1,659),
(660,18,6361,'A101',1,660),
(661,12,1297,'A101',1,661),
(662,12,900,'A101',1,662),
(663,21,2241,'A101',1,663),
(664,6,1050,'A101',1,664),
(665,6,1047,'A101',1,665),
(666,24,6314,'A102',1,666),
(667,30,3496,'A101',2,667),
(668,48,3609,'A101',1,668),
(669,12,4843,'A102',1,669),
(670,30,3017,'A101',1,670),
(671,24,4139,'A101',1,671),
(672,36,5742,'A101',1,672),
(673,60,10366,'A101',1,673),
(674,6,2080,'A101',1,674),
(675,21,2580,'A101',2,675),
(676,30,4530,'A101',1,676),
(677,24,5150,'A101',1,677),
(678,72,5595,'A101',1,678),
(679,24,2384,'A101',1,679),
(680,18,1453,'A101',1,680),
(681,6,1538,'A101',1,681),
(682,12,2279,'A101',1,682),
(683,15,1478,'A101',1,683),
(684,24,5103,'A101',1,684),
(685,36,9857,'A101',2,685),
(686,60,6527,'A101',2,686),
(687,10,1347,'A101',1,687),
(688,36,2862,'A101',1,688),
(689,9,2753,'A102',1,689),
(690,12,3651,'A101',2,690),
(691,15,975,'A101',1,691),
(692,15,2631,'A101',1,692),
(693,24,2896,'A101',1,693),
(694,6,4716,'A101',2,694),
(695,24,2284,'A101',1,695),
(696,6,1236,'A101',1,696),
(697,12,1103,'A103',1,697),
(698,12,926,'A101',1,698),
(699,18,1800,'A101',1,699),
(700,15,1905,'A101',1,700),
(701,12,1123,'A101',1,701),
(702,48,6331,'A101',1,702),
(703,24,1377,'A101',1,703),
(704,30,2503,'A101',1,704),
(705,27,2528,'A101',2,705),
(706,15,5324,'A101',1,706),
(707,48,6560,'A101',1,707),
(708,12,2969,'A101',1,708),
(709,9,1206,'A101',1,709),
(710,9,2118,'A101',2,710),
(711,18,629,'A101',1,711),
(712,6,1198,'A101',1,712),
(713,21,2476,'A101',1,713),
(714,9,1138,'A101',1,714),
(715,60,14027,'A101',1,715),
(716,30,7596,'A101',1,716),
(717,30,3077,'A101',2,717),
(718,18,1505,'A101',1,718),
(719,24,3148,'A101',1,719),
(720,20,6148,'A101',1,720),
(721,9,1337,'A101',1,721),
(722,6,433,'A101',2,722),
(723,12,1228,'A101',1,723),
(724,9,790,'A101',1,724),
(725,27,2570,'A101',1,725),
(726,6,250,'A101',1,726),
(727,15,1316,'A101',1,727),
(728,18,1882,'A101',1,728),
(729,48,6416,'A101',1,729),
(730,24,1275,'A101',1,730),
(731,24,6403,'A101',1,731),
(732,24,1987,'A101',2,732),
(733,8,760,'A103',1,733),
(734,24,2603,'A101',1,734),
(735,4,3380,'A101',2,735),
(736,36,3990,'A101',1,736),
(737,24,11560,'A101',1,737),
(738,18,4380,'A101',2,738),
(739,6,6761,'A101',2,739),
(740,30,4280,'A101',1,740),
(741,24,2325,'A101',1,741),
(742,10,1048,'A101',1,742),
(743,21,3160,'A101',1,743),
(744,24,2483,'A101',1,744),
(745,39,14179,'A101',1,745),
(746,13,1797,'A101',1,746),
(747,15,2511,'A101',1,747),
(748,12,1274,'A101',1,748),
(749,21,5248,'A101',1,749),
(750,15,3029,'A101',1,750),
(751,6,428,'A101',1,751),
(752,18,976,'A101',1,752),
(753,12,841,'A101',1,753),
(754,30,5771,'A101',1,754),
(755,12,1555,'A101',2,755),
(756,24,1285,'A101',1,756),
(757,6,1299,'A101',2,757),
(758,15,1271,'A101',1,758),
(759,24,1393,'A103',1,759),
(760,12,691,'A101',1,760),
(761,15,5045,'A101',1,761),
(762,18,2124,'A101',1,762),
(763,12,2214,'A101',1,763),
(764,21,12680,'A101',1,764),
(765,24,2463,'A101',1,765),
(766,12,1155,'A103',1,766),
(767,30,3108,'A101',1,767),
(768,10,2901,'A101',1,768),
(769,12,3617,'A101',1,769),
(770,12,1655,'A101',1,770),
(771,24,2812,'A101',1,771),
(772,36,8065,'A101',1,772),
(773,21,3275,'A101',1,773),
(774,24,2223,'A101',1,774),
(775,12,1480,'A101',1,775),
(776,24,1371,'A101',1,776),
(777,36,3535,'A101',1,777),
(778,18,3509,'A103',1,778),
(779,36,5711,'A101',1,779),
(780,18,3872,'A101',1,780),
(781,39,4933,'A103',1,781),
(782,24,1940,'A101',1,782),
(783,12,1410,'A101',1,783),
(784,12,836,'A101',1,784),
(785,20,6468,'A101',1,785),
(786,18,1941,'A101',1,786),
(787,22,2675,'A101',1,787),
(788,48,2751,'A101',2,788),
(789,48,6224,'A101',1,789),
(790,40,5998,'A101',1,790),
(791,21,1188,'A101',2,791),
(792,24,6313,'A101',2,792),
(793,6,1221,'A101',1,793),
(794,24,2892,'A101',1,794),
(795,24,3062,'A101',1,795),
(796,9,2301,'A101',1,796),
(797,18,7511,'A101',2,797),
(798,12,1258,'A101',1,798),
(799,24,717,'A101',1,799),
(800,9,1549,'A101',1,800),
(801,24,1597,'A101',2,801),
(802,18,1795,'A103',1,802),
(803,20,4272,'A101',1,803),
(804,12,976,'A101',1,804),
(805,12,7472,'A101',1,805),
(806,36,9271,'A101',1,806),
(807,6,590,'A101',1,807),
(808,12,930,'A101',1,808),
(809,42,9283,'A101',1,809),
(810,15,1778,'A101',1,810),
(811,8,907,'A101',1,811),
(812,6,484,'A103',1,812),
(813,36,9629,'A101',1,813),
(814,48,3051,'A101',1,814),
(815,48,3931,'A101',2,815),
(816,36,7432,'A101',1,816),
(817,6,1338,'A101',1,817),
(818,6,1554,'A101',1,818),
(819,36,15857,'A102',1,819),
(820,18,1345,'A101',1,820),
(821,12,1101,'A101',1,821),
(822,12,3016,'A101',1,822),
(823,36,2712,'A101',2,823),
(824,8,731,'A101',1,824),
(825,18,3780,'A101',1,825),
(826,21,1602,'A101',1,826),
(827,18,3966,'A101',1,827),
(828,18,4165,'A101',2,828),
(829,36,8335,'A101',1,829),
(830,48,6681,'A101',2,830),
(831,24,2375,'A101',2,831),
(832,18,1216,'A101',1,832),
(833,45,11816,'A101',1,833),
(834,24,5084,'A101',1,834),
(835,15,2327,'A101',1,835),
(836,12,1082,'A101',1,836),
(837,12,886,'A101',1,837),
(838,4,601,'A101',2,838),
(839,24,2957,'A101',1,839),
(840,24,2611,'A102',1,840),
(841,36,5179,'A101',1,841),
(842,21,2993,'A101',1,842),
(843,18,1943,'A101',1,843),
(844,24,1559,'A101',1,844),
(845,18,3422,'A101',2,845),
(846,21,3976,'A101',1,846),
(847,18,6761,'A101',1,847),
(848,24,1249,'A101',1,848),
(849,9,1364,'A101',1,849),
(850,12,709,'A101',1,850),
(851,20,2235,'A103',1,851),
(852,24,4042,'A101',1,852),
(853,15,1471,'A101',1,853),
(854,18,1442,'A101',2,854),
(855,36,10875,'A101',2,855),
(856,24,1474,'A101',1,856),
(857,10,894,'A101',1,857),
(858,15,3343,'A101',1,858),
(859,15,3959,'A101',1,859),
(860,9,3577,'A103',2,860),
(861,24,5804,'A101',1,861),
(862,18,2169,'A101',1,862),
(863,24,2439,'A101',1,863),
(864,27,4526,'A101',2,864),
(865,10,2210,'A101',1,865),
(866,15,2221,'A101',1,866),
(867,18,2389,'A101',1,867),
(868,12,3331,'A101',1,868),
(869,36,7409,'A101',1,869),
(870,12,652,'A101',1,870),
(871,36,7678,'A101',1,871),
(872,6,1343,'A101',2,872),
(873,24,1382,'A101',1,873),
(874,15,874,'A101',1,874),
(875,12,3590,'A102',2,875),
(876,11,1322,'A101',1,876),
(877,18,1940,'A102',1,877),
(878,36,3595,'A101',1,878),
(879,9,1422,'A101',1,879),
(880,30,6742,'A101',1,880),
(881,24,7814,'A101',1,881),
(882,24,9277,'A101',1,882),
(883,30,2181,'A101',1,883),
(884,18,1098,'A101',1,884),
(885,24,4057,'A101',1,885),
(886,12,795,'A101',1,886),
(887,24,2825,'A101',2,887),
(888,48,15672,'A101',1,888),
(889,36,6614,'A101',1,889),
(890,28,7824,'A103',2,890),
(891,27,2442,'A101',2,891),
(892,15,1829,'A101',1,892),
(893,12,2171,'A101',1,893),
(894,36,5800,'A101',1,894),
(895,18,1169,'A101',1,895),
(896,36,8947,'A101',2,896),
(897,21,2606,'A101',1,897),
(898,12,1592,'A101',1,898),
(899,15,2186,'A101',1,899),
(900,18,4153,'A102',1,900),
(901,16,2625,'A103',1,901),
(902,20,3485,'A101',1,902),
(903,36,10477,'A101',1,903),
(904,15,1386,'A101',1,904),
(905,24,1278,'A101',1,905),
(906,12,1107,'A101',2,906),
(907,21,3763,'A102',1,907),
(908,36,3711,'A101',1,908),
(909,15,3594,'A101',1,909),
(910,9,3195,'A101',1,910),
(911,36,4454,'A101',1,911),
(912,24,4736,'A101',1,912),
(913,30,2991,'A101',1,913),
(914,11,2142,'A101',1,914),
(915,24,3161,'A101',1,915),
(916,48,18424,'A101',1,916),
(917,10,2848,'A102',2,917),
(918,6,14896,'A101',1,918),
(919,24,2359,'A101',1,919),
(920,24,3345,'A101',1,920),
(921,18,1817,'A101',1,921),
(922,48,12749,'A101',1,922),
(923,9,1366,'A101',1,923),
(924,12,2002,'A101',2,924),
(925,24,6872,'A101',1,925),
(926,12,697,'A101',1,926),
(927,18,1049,'A101',1,927),
(928,48,10297,'A101',2,928),
(929,30,1867,'A101',1,929),
(930,12,1344,'A101',2,930),
(931,24,1747,'A102',1,931),
(932,9,1670,'A101',1,932),
(933,9,1224,'A101',1,933),
(934,12,522,'A101',2,934),
(935,12,1498,'A101',1,935),
(936,30,1919,'A101',1,936),
(937,9,745,'A101',1,937),
(938,6,2063,'A101',1,938),
(939,60,6288,'A101',1,939),
(940,24,6842,'A101',2,940),
(941,12,3527,'A101',2,941),
(942,10,1546,'A101',2,942),
(943,24,929,'A101',1,943),
(944,4,1455,'A101',2,944),
(945,15,1845,'A103',1,945),
(946,48,8358,'A101',1,946),
(947,24,3349,'A101',2,947),
(948,12,2859,'A101',1,948),
(949,18,1533,'A102',2,949),
(950,24,3621,'A101',1,950),
(951,18,3590,'A101',2,951),
(952,36,2145,'A101',1,952),
(953,24,4113,'A101',1,953),
(954,36,10974,'A101',1,954),
(955,12,1893,'A103',1,955),
(956,24,1231,'A101',1,956),
(957,30,3656,'A101',1,957),
(958,9,1154,'A101',1,958),
(959,28,4006,'A101',1,959),
(960,24,3069,'A101',1,960),
(961,6,1740,'A101',1,961),
(962,21,2353,'A101',1,962),
(963,15,3556,'A101',1,963),
(964,24,2397,'A101',1,964),
(965,6,454,'A101',1,965),
(966,30,1715,'A101',1,966),
(967,27,2520,'A101',1,967),
(968,15,3568,'A101',1,968),
(969,42,7166,'A101',1,969),
(970,11,3939,'A101',2,970),
(971,15,1514,'A103',1,971),
(972,24,7393,'A101',2,972),
(973,24,1193,'A102',1,973),
(974,60,7297,'A102',1,974),
(975,30,2831,'A101',1,975),
(976,24,1258,'A101',1,976),
(977,6,753,'A103',1,977),
(978,18,2427,'A101',1,978),
(979,24,2538,'A101',2,979),
(980,15,1264,'A101',1,980),
(981,30,8386,'A101',1,981),
(982,48,4844,'A101',1,982),
(983,21,2923,'A101',1,983),
(984,36,8229,'A101',2,984),
(985,24,2028,'A101',1,985),
(986,15,1433,'A101',1,986),
(987,42,6289,'A101',1,987),
(988,13,1409,'A101',1,988),
(989,24,6579,'A101',1,989),
(990,24,1743,'A101',1,990),
(991,12,3565,'A101',2,991),
(992,15,1569,'A101',2,992),
(993,18,1936,'A101',1,993),
(994,36,3959,'A101',1,994),
(995,12,2390,'A101',1,995),
(996,12,1736,'A101',1,996),
(997,30,3857,'A101',1,997),
(998,12,804,'A101',1,998),
(999,45,1845,'A101',1,999),
(1000,45,4576,'A101',1,1000);

INSERT INTO C_AND_P VALUES
(1,1),
(2,2),
(3,3),
(4,4),
(5,5),
(6,6),
(7,7),
(8,8),
(9,9),
(10,10),
(11,11),
(12,12),
(13,13),
(14,14),
(15,15),
(16,16),
(17,17),
(18,18),
(19,19),
(20,20),
(21,21),
(22,22),
(23,23),
(24,24),
(25,25),
(26,26),
(27,27),
(28,28),
(29,29),
(30,30),
(31,31),
(32,32),
(33,33),
(34,34),
(35,35),
(36,36),
(37,37),
(38,38),
(39,39),
(40,40),
(41,41),
(42,42),
(43,43),
(44,44),
(45,45),
(46,46),
(47,47),
(48,48),
(49,49),
(50,50),
(51,51),
(52,52),
(53,53),
(54,54),
(55,55),
(56,56),
(57,57),
(58,58),
(59,59),
(60,60),
(61,61),
(62,62),
(63,63),
(64,64),
(65,65),
(66,66),
(67,67),
(68,68),
(69,69),
(70,70),
(71,71),
(72,72),
(73,73),
(74,74),
(75,75),
(76,76),
(77,77),
(78,78),
(79,79),
(80,80),
(81,81),
(82,82),
(83,83),
(84,84),
(85,85),
(86,86),
(87,87),
(88,88),
(89,89),
(90,90),
(91,91),
(92,92),
(93,93),
(94,94),
(95,95),
(96,96),
(97,97),
(98,98),
(99,99),
(100,100),
(101,101),
(102,102),
(103,103),
(104,104),
(105,105),
(106,106),
(107,107),
(108,108),
(109,109),
(110,110),
(111,111),
(112,112),
(113,113),
(114,114),
(115,115),
(116,116),
(117,117),
(118,118),
(119,119),
(120,120),
(121,121),
(122,122),
(123,123),
(124,124),
(125,125),
(126,126),
(127,127),
(128,128),
(129,129),
(130,130),
(131,131),
(132,132),
(133,133),
(134,134),
(135,135),
(136,136),
(137,137),
(138,138),
(139,139),
(140,140),
(141,141),
(142,142),
(143,143),
(144,144),
(145,145),
(146,146),
(147,147),
(148,148),
(149,149),
(150,150),
(151,151),
(152,152),
(153,153),
(154,154),
(155,155),
(156,156),
(157,157),
(158,158),
(159,159),
(160,160),
(161,161),
(162,162),
(163,163),
(164,164),
(165,165),
(166,166),
(167,167),
(168,168),
(169,169),
(170,170),
(171,171),
(172,172),
(173,173),
(174,174),
(175,175),
(176,176),
(177,177),
(178,178),
(179,179),
(180,180),
(181,181),
(182,182),
(183,183),
(184,184),
(185,185),
(186,186),
(187,187),
(188,188),
(189,189),
(190,190),
(191,191),
(192,192),
(193,193),
(194,194),
(195,195),
(196,196),
(197,197),
(198,198),
(199,199),
(200,200),
(201,201),
(202,202),
(203,203),
(204,204),
(205,205),
(206,206),
(207,207),
(208,208),
(209,209),
(210,210),
(211,211),
(212,212),
(213,213),
(214,214),
(215,215),
(216,216),
(217,217),
(218,218),
(219,219),
(220,220),
(221,221),
(222,222),
(223,223),
(224,224),
(225,225),
(226,226),
(227,227),
(228,228),
(229,229),
(230,230),
(231,231),
(232,232),
(233,233),
(234,234),
(235,235),
(236,236),
(237,237),
(238,238),
(239,239),
(240,240),
(241,241),
(242,242),
(243,243),
(244,244),
(245,245),
(246,246),
(247,247),
(248,248),
(249,249),
(250,250),
(251,251),
(252,252),
(253,253),
(254,254),
(255,255),
(256,256),
(257,257),
(258,258),
(259,259),
(260,260),
(261,261),
(262,262),
(263,263),
(264,264),
(265,265),
(266,266),
(267,267),
(268,268),
(269,269),
(270,270),
(271,271),
(272,272),
(273,273),
(274,274),
(275,275),
(276,276),
(277,277),
(278,278),
(279,279),
(280,280),
(281,281),
(282,282),
(283,283),
(284,284),
(285,285),
(286,286),
(287,287),
(288,288),
(289,289),
(290,290),
(291,291),
(292,292),
(293,293),
(294,294),
(295,295),
(296,296),
(297,297),
(298,298),
(299,299),
(300,300),
(301,301),
(302,302),
(303,303),
(304,304),
(305,305),
(306,306),
(307,307),
(308,308),
(309,309),
(310,310),
(311,311),
(312,312),
(313,313),
(314,314),
(315,315),
(316,316),
(317,317),
(318,318),
(319,319),
(320,320),
(321,321),
(322,322),
(323,323),
(324,324),
(325,325),
(326,326),
(327,327),
(328,328),
(329,329),
(330,330),
(331,331),
(332,332),
(333,333),
(334,334),
(335,335),
(336,336),
(337,337),
(338,338),
(339,339),
(340,340),
(341,341),
(342,342),
(343,343),
(344,344),
(345,345),
(346,346),
(347,347),
(348,348),
(349,349),
(350,350),
(351,351),
(352,352),
(353,353),
(354,354),
(355,355),
(356,356),
(357,357),
(358,358),
(359,359),
(360,360),
(361,361),
(362,362),
(363,363),
(364,364),
(365,365),
(366,366),
(367,367),
(368,368),
(369,369),
(370,370),
(371,371),
(372,372),
(373,373),
(374,374),
(375,375),
(376,376),
(377,377),
(378,378),
(379,379),
(380,380),
(381,381),
(382,382),
(383,383),
(384,384),
(385,385),
(386,386),
(387,387),
(388,388),
(389,389),
(390,390),
(391,391),
(392,392),
(393,393),
(394,394),
(395,395),
(396,396),
(397,397),
(398,398),
(399,399),
(400,400),
(401,401),
(402,402),
(403,403),
(404,404),
(405,405),
(406,406),
(407,407),
(408,408),
(409,409),
(410,410),
(411,411),
(412,412),
(413,413),
(414,414),
(415,415),
(416,416),
(417,417),
(418,418),
(419,419),
(420,420),
(421,421),
(422,422),
(423,423),
(424,424),
(425,425),
(426,426),
(427,427),
(428,428),
(429,429),
(430,430),
(431,431),
(432,432),
(433,433),
(434,434),
(435,435),
(436,436),
(437,437),
(438,438),
(439,439),
(440,440),
(441,441),
(442,442),
(443,443),
(444,444),
(445,445),
(446,446),
(447,447),
(448,448),
(449,449),
(450,450),
(451,451),
(452,452),
(453,453),
(454,454),
(455,455),
(456,456),
(457,457),
(458,458),
(459,459),
(460,460),
(461,461),
(462,462),
(463,463),
(464,464),
(465,465),
(466,466),
(467,467),
(468,468),
(469,469),
(470,470),
(471,471),
(472,472),
(473,473),
(474,474),
(475,475),
(476,476),
(477,477),
(478,478),
(479,479),
(480,480),
(481,481),
(482,482),
(483,483),
(484,484),
(485,485),
(486,486),
(487,487),
(488,488),
(489,489),
(490,490),
(491,491),
(492,492),
(493,493),
(494,494),
(495,495),
(496,496),
(497,497),
(498,498),
(499,499),
(500,500),
(501,501),
(502,502),
(503,503),
(504,504),
(505,505),
(506,506),
(507,507),
(508,508),
(509,509),
(510,510),
(511,511),
(512,512),
(513,513),
(514,514),
(515,515),
(516,516),
(517,517),
(518,518),
(519,519),
(520,520),
(521,521),
(522,522),
(523,523),
(524,524),
(525,525),
(526,526),
(527,527),
(528,528),
(529,529),
(530,530),
(531,531),
(532,532),
(533,533),
(534,534),
(535,535),
(536,536),
(537,537),
(538,538),
(539,539),
(540,540),
(541,541),
(542,542),
(543,543),
(544,544),
(545,545),
(546,546),
(547,547),
(548,548),
(549,549),
(550,550),
(551,551),
(552,552),
(553,553),
(554,554),
(555,555),
(556,556),
(557,557),
(558,558),
(559,559),
(560,560),
(561,561),
(562,562),
(563,563),
(564,564),
(565,565),
(566,566),
(567,567),
(568,568),
(569,569),
(570,570),
(571,571),
(572,572),
(573,573),
(574,574),
(575,575),
(576,576),
(577,577),
(578,578),
(579,579),
(580,580),
(581,581),
(582,582),
(583,583),
(584,584),
(585,585),
(586,586),
(587,587),
(588,588),
(589,589),
(590,590),
(591,591),
(592,592),
(593,593),
(594,594),
(595,595),
(596,596),
(597,597),
(598,598),
(599,599),
(600,600),
(601,601),
(602,602),
(603,603),
(604,604),
(605,605),
(606,606),
(607,607),
(608,608),
(609,609),
(610,610),
(611,611),
(612,612),
(613,613),
(614,614),
(615,615),
(616,616),
(617,617),
(618,618),
(619,619),
(620,620),
(621,621),
(622,622),
(623,623),
(624,624),
(625,625),
(626,626),
(627,627),
(628,628),
(629,629),
(630,630),
(631,631),
(632,632),
(633,633),
(634,634),
(635,635),
(636,636),
(637,637),
(638,638),
(639,639),
(640,640),
(641,641),
(642,642),
(643,643),
(644,644),
(645,645),
(646,646),
(647,647),
(648,648),
(649,649),
(650,650),
(651,651),
(652,652),
(653,653),
(654,654),
(655,655),
(656,656),
(657,657),
(658,658),
(659,659),
(660,660),
(661,661),
(662,662),
(663,663),
(664,664),
(665,665),
(666,666),
(667,667),
(668,668),
(669,669),
(670,670),
(671,671),
(672,672),
(673,673),
(674,674),
(675,675),
(676,676),
(677,677),
(678,678),
(679,679),
(680,680),
(681,681),
(682,682),
(683,683),
(684,684),
(685,685),
(686,686),
(687,687),
(688,688),
(689,689),
(690,690),
(691,691),
(692,692),
(693,693),
(694,694),
(695,695),
(696,696),
(697,697),
(698,698),
(699,699),
(700,700),
(701,701),
(702,702),
(703,703),
(704,704),
(705,705),
(706,706),
(707,707),
(708,708),
(709,709),
(710,710),
(711,711),
(712,712),
(713,713),
(714,714),
(715,715),
(716,716),
(717,717),
(718,718),
(719,719),
(720,720),
(721,721),
(722,722),
(723,723),
(724,724),
(725,725),
(726,726),
(727,727),
(728,728),
(729,729),
(730,730),
(731,731),
(732,732),
(733,733),
(734,734),
(735,735),
(736,736),
(737,737),
(738,738),
(739,739),
(740,740),
(741,741),
(742,742),
(743,743),
(744,744),
(745,745),
(746,746),
(747,747),
(748,748),
(749,749),
(750,750),
(751,751),
(752,752),
(753,753),
(754,754),
(755,755),
(756,756),
(757,757),
(758,758),
(759,759),
(760,760),
(761,761),
(762,762),
(763,763),
(764,764),
(765,765),
(766,766),
(767,767),
(768,768),
(769,769),
(770,770),
(771,771),
(772,772),
(773,773),
(774,774),
(775,775),
(776,776),
(777,777),
(778,778),
(779,779),
(780,780),
(781,781),
(782,782),
(783,783),
(784,784),
(785,785),
(786,786),
(787,787),
(788,788),
(789,789),
(790,790),
(791,791),
(792,792),
(793,793),
(794,794),
(795,795),
(796,796),
(797,797),
(798,798),
(799,799),
(800,800),
(801,801),
(802,802),
(803,803),
(804,804),
(805,805),
(806,806),
(807,807),
(808,808),
(809,809),
(810,810),
(811,811),
(812,812),
(813,813),
(814,814),
(815,815),
(816,816),
(817,817),
(818,818),
(819,819),
(820,820),
(821,821),
(822,822),
(823,823),
(824,824),
(825,825),
(826,826),
(827,827),
(828,828),
(829,829),
(830,830),
(831,831),
(832,832),
(833,833),
(834,834),
(835,835),
(836,836),
(837,837),
(838,838),
(839,839),
(840,840),
(841,841),
(842,842),
(843,843),
(844,844),
(845,845),
(846,846),
(847,847),
(848,848),
(849,849),
(850,850),
(851,851),
(852,852),
(853,853),
(854,854),
(855,855),
(856,856),
(857,857),
(858,858),
(859,859),
(860,860),
(861,861),
(862,862),
(863,863),
(864,864),
(865,865),
(866,866),
(867,867),
(868,868),
(869,869),
(870,870),
(871,871),
(872,872),
(873,873),
(874,874),
(875,875),
(876,876),
(877,877),
(878,878),
(879,879),
(880,880),
(881,881),
(882,882),
(883,883),
(884,884),
(885,885),
(886,886),
(887,887),
(888,888),
(889,889),
(890,890),
(891,891),
(892,892),
(893,893),
(894,894),
(895,895),
(896,896),
(897,897),
(898,898),
(899,899),
(900,900),
(901,901),
(902,902),
(903,903),
(904,904),
(905,905),
(906,906),
(907,907),
(908,908),
(909,909),
(910,910),
(911,911),
(912,912),
(913,913),
(914,914),
(915,915),
(916,916),
(917,917),
(918,918),
(919,919),
(920,920),
(921,921),
(922,922),
(923,923),
(924,924),
(925,925),
(926,926),
(927,927),
(928,928),
(929,929),
(930,930),
(931,931),
(932,932),
(933,933),
(934,934),
(935,935),
(936,936),
(937,937),
(938,938),
(939,939),
(940,940),
(941,941),
(942,942),
(943,943),
(944,944),
(945,945),
(946,946),
(947,947),
(948,948),
(949,949),
(950,950),
(951,951),
(952,952),
(953,953),
(954,954),
(955,955),
(956,956),
(957,957),
(958,958),
(959,959),
(960,960),
(961,961),
(962,962),
(963,963),
(964,964),
(965,965),
(966,966),
(967,967),
(968,968),
(969,969),
(970,970),
(971,971),
(972,972),
(973,973),
(974,974),
(975,975),
(976,976),
(977,977),
(978,978),
(979,979),
(980,980),
(981,981),
(982,982),
(983,983),
(984,984),
(985,985),
(986,986),
(987,987),
(988,988),
(989,989),
(990,990),
(991,991),
(992,992),
(993,993),
(994,994),
(995,995),
(996,996),
(997,997),
(998,998),
(999,999),
(1000,1000);

INSERT INTO PC_AND_CH VALUES
(1,1),
(2,2),
(3,3),
(4,4),
(5,5),
(6,6),
(7,7),
(8,8),
(9,9),
(10,10),
(11,11),
(12,12),
(13,13),
(14,14),
(15,15),
(16,16),
(17,17),
(18,18),
(19,19),
(20,20),
(21,21),
(22,22),
(23,23),
(24,24),
(25,25),
(26,26),
(27,27),
(28,28),
(29,29),
(30,30),
(31,31),
(32,32),
(33,33),
(34,34),
(35,35),
(36,36),
(37,37),
(38,38),
(39,39),
(40,40),
(41,41),
(42,42),
(43,43),
(44,44),
(45,45),
(46,46),
(47,47),
(48,48),
(49,49),
(50,50),
(51,51),
(52,52),
(53,53),
(54,54),
(55,55),
(56,56),
(57,57),
(58,58),
(59,59),
(60,60),
(61,61),
(62,62),
(63,63),
(64,64),
(65,65),
(66,66),
(67,67),
(68,68),
(69,69),
(70,70),
(71,71),
(72,72),
(73,73),
(74,74),
(75,75),
(76,76),
(77,77),
(78,78),
(79,79),
(80,80),
(81,81),
(82,82),
(83,83),
(84,84),
(85,85),
(86,86),
(87,87),
(88,88),
(89,89),
(90,90),
(91,91),
(92,92),
(93,93),
(94,94),
(95,95),
(96,96),
(97,97),
(98,98),
(99,99),
(100,100),
(101,101),
(102,102),
(103,103),
(104,104),
(105,105),
(106,106),
(107,107),
(108,108),
(109,109),
(110,110),
(111,111),
(112,112),
(113,113),
(114,114),
(115,115),
(116,116),
(117,117),
(118,118),
(119,119),
(120,120),
(121,121),
(122,122),
(123,123),
(124,124),
(125,125),
(126,126),
(127,127),
(128,128),
(129,129),
(130,130),
(131,131),
(132,132),
(133,133),
(134,134),
(135,135),
(136,136),
(137,137),
(138,138),
(139,139),
(140,140),
(141,141),
(142,142),
(143,143),
(144,144),
(145,145),
(146,146),
(147,147),
(148,148),
(149,149),
(150,150),
(151,151),
(152,152),
(153,153),
(154,154),
(155,155),
(156,156),
(157,157),
(158,158),
(159,159),
(160,160),
(161,161),
(162,162),
(163,163),
(164,164),
(165,165),
(166,166),
(167,167),
(168,168),
(169,169),
(170,170),
(171,171),
(172,172),
(173,173),
(174,174),
(175,175),
(176,176),
(177,177),
(178,178),
(179,179),
(180,180),
(181,181),
(182,182),
(183,183),
(184,184),
(185,185),
(186,186),
(187,187),
(188,188),
(189,189),
(190,190),
(191,191),
(192,192),
(193,193),
(194,194),
(195,195),
(196,196),
(197,197),
(198,198),
(199,199),
(200,200),
(201,201),
(202,202),
(203,203),
(204,204),
(205,205),
(206,206),
(207,207),
(208,208),
(209,209),
(210,210),
(211,211),
(212,212),
(213,213),
(214,214),
(215,215),
(216,216),
(217,217),
(218,218),
(219,219),
(220,220),
(221,221),
(222,222),
(223,223),
(224,224),
(225,225),
(226,226),
(227,227),
(228,228),
(229,229),
(230,230),
(231,231),
(232,232),
(233,233),
(234,234),
(235,235),
(236,236),
(237,237),
(238,238),
(239,239),
(240,240),
(241,241),
(242,242),
(243,243),
(244,244),
(245,245),
(246,246),
(247,247),
(248,248),
(249,249),
(250,250),
(251,251),
(252,252),
(253,253),
(254,254),
(255,255),
(256,256),
(257,257),
(258,258),
(259,259),
(260,260),
(261,261),
(262,262),
(263,263),
(264,264),
(265,265),
(266,266),
(267,267),
(268,268),
(269,269),
(270,270),
(271,271),
(272,272),
(273,273),
(274,274),
(275,275),
(276,276),
(277,277),
(278,278),
(279,279),
(280,280),
(281,281),
(282,282),
(283,283),
(284,284),
(285,285),
(286,286),
(287,287),
(288,288),
(289,289),
(290,290),
(291,291),
(292,292),
(293,293),
(294,294),
(295,295),
(296,296),
(297,297),
(298,298),
(299,299),
(300,300),
(301,301),
(302,302),
(303,303),
(304,304),
(305,305),
(306,306),
(307,307),
(308,308),
(309,309),
(310,310),
(311,311),
(312,312),
(313,313),
(314,314),
(315,315),
(316,316),
(317,317),
(318,318),
(319,319),
(320,320),
(321,321),
(322,322),
(323,323),
(324,324),
(325,325),
(326,326),
(327,327),
(328,328),
(329,329),
(330,330),
(331,331),
(332,332),
(333,333),
(334,334),
(335,335),
(336,336),
(337,337),
(338,338),
(339,339),
(340,340),
(341,341),
(342,342),
(343,343),
(344,344),
(345,345),
(346,346),
(347,347),
(348,348),
(349,349),
(350,350),
(351,351),
(352,352),
(353,353),
(354,354),
(355,355),
(356,356),
(357,357),
(358,358),
(359,359),
(360,360),
(361,361),
(362,362),
(363,363),
(364,364),
(365,365),
(366,366),
(367,367),
(368,368),
(369,369),
(370,370),
(371,371),
(372,372),
(373,373),
(374,374),
(375,375),
(376,376),
(377,377),
(378,378),
(379,379),
(380,380),
(381,381),
(382,382),
(383,383),
(384,384),
(385,385),
(386,386),
(387,387),
(388,388),
(389,389),
(390,390),
(391,391),
(392,392),
(393,393),
(394,394),
(395,395),
(396,396),
(397,397),
(398,398),
(399,399),
(400,400),
(401,401),
(402,402),
(403,403),
(404,404),
(405,405),
(406,406),
(407,407),
(408,408),
(409,409),
(410,410),
(411,411),
(412,412),
(413,413),
(414,414),
(415,415),
(416,416),
(417,417),
(418,418),
(419,419),
(420,420),
(421,421),
(422,422),
(423,423),
(424,424),
(425,425),
(426,426),
(427,427),
(428,428),
(429,429),
(430,430),
(431,431),
(432,432),
(433,433),
(434,434),
(435,435),
(436,436),
(437,437),
(438,438),
(439,439),
(440,440),
(441,441),
(442,442),
(443,443),
(444,444),
(445,445),
(446,446),
(447,447),
(448,448),
(449,449),
(450,450),
(451,451),
(452,452),
(453,453),
(454,454),
(455,455),
(456,456),
(457,457),
(458,458),
(459,459),
(460,460),
(461,461),
(462,462),
(463,463),
(464,464),
(465,465),
(466,466),
(467,467),
(468,468),
(469,469),
(470,470),
(471,471),
(472,472),
(473,473),
(474,474),
(475,475),
(476,476),
(477,477),
(478,478),
(479,479),
(480,480),
(481,481),
(482,482),
(483,483),
(484,484),
(485,485),
(486,486),
(487,487),
(488,488),
(489,489),
(490,490),
(491,491),
(492,492),
(493,493),
(494,494),
(495,495),
(496,496),
(497,497),
(498,498),
(499,499),
(500,500),
(501,501),
(502,502),
(503,503),
(504,504),
(505,505),
(506,506),
(507,507),
(508,508),
(509,509),
(510,510),
(511,511),
(512,512),
(513,513),
(514,514),
(515,515),
(516,516),
(517,517),
(518,518),
(519,519),
(520,520),
(521,521),
(522,522),
(523,523),
(524,524),
(525,525),
(526,526),
(527,527),
(528,528),
(529,529),
(530,530),
(531,531),
(532,532),
(533,533),
(534,534),
(535,535),
(536,536),
(537,537),
(538,538),
(539,539),
(540,540),
(541,541),
(542,542),
(543,543),
(544,544),
(545,545),
(546,546),
(547,547),
(548,548),
(549,549),
(550,550),
(551,551),
(552,552),
(553,553),
(554,554),
(555,555),
(556,556),
(557,557),
(558,558),
(559,559),
(560,560),
(561,561),
(562,562),
(563,563),
(564,564),
(565,565),
(566,566),
(567,567),
(568,568),
(569,569),
(570,570),
(571,571),
(572,572),
(573,573),
(574,574),
(575,575),
(576,576),
(577,577),
(578,578),
(579,579),
(580,580),
(581,581),
(582,582),
(583,583),
(584,584),
(585,585),
(586,586),
(587,587),
(588,588),
(589,589),
(590,590),
(591,591),
(592,592),
(593,593),
(594,594),
(595,595),
(596,596),
(597,597),
(598,598),
(599,599),
(600,600),
(601,601),
(602,602),
(603,603),
(604,604),
(605,605),
(606,606),
(607,607),
(608,608),
(609,609),
(610,610),
(611,611),
(612,612),
(613,613),
(614,614),
(615,615),
(616,616),
(617,617),
(618,618),
(619,619),
(620,620),
(621,621),
(622,622),
(623,623),
(624,624),
(625,625),
(626,626),
(627,627),
(628,628),
(629,629),
(630,630),
(631,631),
(632,632),
(633,633),
(634,634),
(635,635),
(636,636),
(637,637),
(638,638),
(639,639),
(640,640),
(641,641),
(642,642),
(643,643),
(644,644),
(645,645),
(646,646),
(647,647),
(648,648),
(649,649),
(650,650),
(651,651),
(652,652),
(653,653),
(654,654),
(655,655),
(656,656),
(657,657),
(658,658),
(659,659),
(660,660),
(661,661),
(662,662),
(663,663),
(664,664),
(665,665),
(666,666),
(667,667),
(668,668),
(669,669),
(670,670),
(671,671),
(672,672),
(673,673),
(674,674),
(675,675),
(676,676),
(677,677),
(678,678),
(679,679),
(680,680),
(681,681),
(682,682),
(683,683),
(684,684),
(685,685),
(686,686),
(687,687),
(688,688),
(689,689),
(690,690),
(691,691),
(692,692),
(693,693),
(694,694),
(695,695),
(696,696),
(697,697),
(698,698),
(699,699),
(700,700),
(701,701),
(702,702),
(703,703),
(704,704),
(705,705),
(706,706),
(707,707),
(708,708),
(709,709),
(710,710),
(711,711),
(712,712),
(713,713),
(714,714),
(715,715),
(716,716),
(717,717),
(718,718),
(719,719),
(720,720),
(721,721),
(722,722),
(723,723),
(724,724),
(725,725),
(726,726),
(727,727),
(728,728),
(729,729),
(730,730),
(731,731),
(732,732),
(733,733),
(734,734),
(735,735),
(736,736),
(737,737),
(738,738),
(739,739),
(740,740),
(741,741),
(742,742),
(743,743),
(744,744),
(745,745),
(746,746),
(747,747),
(748,748),
(749,749),
(750,750),
(751,751),
(752,752),
(753,753),
(754,754),
(755,755),
(756,756),
(757,757),
(758,758),
(759,759),
(760,760),
(761,761),
(762,762),
(763,763),
(764,764),
(765,765),
(766,766),
(767,767),
(768,768),
(769,769),
(770,770),
(771,771),
(772,772),
(773,773),
(774,774),
(775,775),
(776,776),
(777,777),
(778,778),
(779,779),
(780,780),
(781,781),
(782,782),
(783,783),
(784,784),
(785,785),
(786,786),
(787,787),
(788,788),
(789,789),
(790,790),
(791,791),
(792,792),
(793,793),
(794,794),
(795,795),
(796,796),
(797,797),
(798,798),
(799,799),
(800,800),
(801,801),
(802,802),
(803,803),
(804,804),
(805,805),
(806,806),
(807,807),
(808,808),
(809,809),
(810,810),
(811,811),
(812,812),
(813,813),
(814,814),
(815,815),
(816,816),
(817,817),
(818,818),
(819,819),
(820,820),
(821,821),
(822,822),
(823,823),
(824,824),
(825,825),
(826,826),
(827,827),
(828,828),
(829,829),
(830,830),
(831,831),
(832,832),
(833,833),
(834,834),
(835,835),
(836,836),
(837,837),
(838,838),
(839,839),
(840,840),
(841,841),
(842,842),
(843,843),
(844,844),
(845,845),
(846,846),
(847,847),
(848,848),
(849,849),
(850,850),
(851,851),
(852,852),
(853,853),
(854,854),
(855,855),
(856,856),
(857,857),
(858,858),
(859,859),
(860,860),
(861,861),
(862,862),
(863,863),
(864,864),
(865,865),
(866,866),
(867,867),
(868,868),
(869,869),
(870,870),
(871,871),
(872,872),
(873,873),
(874,874),
(875,875),
(876,876),
(877,877),
(878,878),
(879,879),
(880,880),
(881,881),
(882,882),
(883,883),
(884,884),
(885,885),
(886,886),
(887,887),
(888,888),
(889,889),
(890,890),
(891,891),
(892,892),
(893,893),
(894,894),
(895,895),
(896,896),
(897,897),
(898,898),
(899,899),
(900,900),
(901,901),
(902,902),
(903,903),
(904,904),
(905,905),
(906,906),
(907,907),
(908,908),
(909,909),
(910,910),
(911,911),
(912,912),
(913,913),
(914,914),
(915,915),
(916,916),
(917,917),
(918,918),
(919,919),
(920,920),
(921,921),
(922,922),
(923,923),
(924,924),
(925,925),
(926,926),
(927,927),
(928,928),
(929,929),
(930,930),
(931,931),
(932,932),
(933,933),
(934,934),
(935,935),
(936,936),
(937,937),
(938,938),
(939,939),
(940,940),
(941,941),
(942,942),
(943,943),
(944,944),
(945,945),
(946,946),
(947,947),
(948,948),
(949,949),
(950,950),
(951,951),
(952,952),
(953,953),
(954,954),
(955,955),
(956,956),
(957,957),
(958,958),
(959,959),
(960,960),
(961,961),
(962,962),
(963,963),
(964,964),
(965,965),
(966,966),
(967,967),
(968,968),
(969,969),
(970,970),
(971,971),
(972,972),
(973,973),
(974,974),
(975,975),
(976,976),
(977,977),
(978,978),
(979,979),
(980,980),
(981,981),
(982,982),
(983,983),
(984,984),
(985,985),
(986,986),
(987,987),
(988,988),
(989,989),
(990,990),
(991,991),
(992,992),
(993,993),
(994,994),
(995,995),
(996,996),
(997,997),
(998,998),
(999,999),
(1000,1000);
